文件名,事件名称,场景,时间,天气,秃秃情绪,人类情绪,标签,描述,原始Prompt
E30_夹子夹到帽子.mp4,夹子夹到帽子,人类世界,不限,不限,好奇→着急→松气,,夹子 帽子 晾衣夹 夹住了,秃秃好奇掰开夹子被夹住帽子，使劲拽终于解开远远看着它,"图片1：秃秃参考图。4厘米微缩蘑菇角色（秃秃），没有牙齿，没有尾巴。红色波点蘑菇帽，奶白色圆润身体，圆润小短手像连指手套无分节。张嘴时没有牙齿。初始帧中小蘑菇占比画面六分之一，全程不要超过1/4。

场景：桌面上有一个木质小夹子（晾衣夹），夹子比秃秃高半个头。秃秃站在旁边。低饱和度，浅景深，暖色调，温馨氛围。初始帧中小蘑菇占比画面六分之一，全程不要超过1/4，竖屏9:16。

0-3s（中景｜固定）：秃秃好奇地用双手掰开夹子——弹簧好紧使了好大劲。掰开后探头看里面。松手时夹子弹回来夹住了帽子边缘（使劲掰→探头看→被夹住时惊）。音效：掰夹子吱声，弹回夹住咔声。
3-7s（中景｜固定）：秃秃的帽子被夹子夹住拽着头往下歪。它用手拽夹子想拔下来——拔不掉。急得一只脚踩着夹子另一手拉帽子（拽时使劲→拔不掉时急→踩着拉时搞笑姿势）。音效：拽声，夹子不松声。
7-10s（中景｜固定）：秃秃找到诀窍了——从两侧掰开夹子，帽子解放了！夹子弹飞出去叮的一声落到远处。秃秃赶紧摸了摸帽子确认没坏（掰开时使劲→帽子自由后松口气→摸帽子时心疼）。音效：掰开声，弹飞叮声，摸帽子声。
10-13s（中景｜固定）：秃秃远远看着落在远处的夹子，摇了摇头。拍了拍帽子确认在。望向镜头指了指夹子又摇头——那东西太可怕了（警惕→摇头时搞笑）。音效：安静。

重要：手部为圆润连指形态无分节，不说人话，偶尔可发出嘟嘟形声词。只要音效，不要背景音乐，不要字幕。"
G09_你回来它假装没在意.mp4,你回来它假装没在意,人类世界,不限,不限,紧张→绷不住笑,回来了/我回来了/到家了,回来了 我回来了 到家了 回家了,秃秃背对着偷看三次，绷不住笑冲过来抱你,"图片1：秃秃角色参考图。图片2：秃秃张嘴时的参考图，张嘴的嘴部细节参考图2中的嘴。4厘米微缩蘑菇角色（秃秃），没有牙齿，没有尾巴。红色波点蘑菇帽，奶白色圆润身体，圆润小短手像连指手套无分节。张嘴时没有牙齿。初始帧中小蘑菇占比画面六分之一，全程不要超过1/4。

场景：桌面上，秃秃背对镜头坐着。低饱和度，浅景深，暖色调，温馨氛围。初始帧中小蘑菇占比画面六分之一，全程不要超过1/4，竖屏9:16。

0-3s（中景｜固定）：秃秃背对镜头坐着——听到你回来了但故意不转身。它的帽子微微动了一下（耳朵在听）但身体不动。假装在看别的地方（听到你→紧张故意不转身→装没在意）。音效：门开声，秃秃故意不动。

3-7s（中景｜固定）：秃秃还是不转身——但它偷偷转了一下头看了镜头一眼马上转回去。又偷看了一眼——又转回去。每次偷看速度越来越慢藏不住了（假装不看→偷看一眼→又偷看→藏不住的克制）。音效：转头极轻声。

7-10s（中景｜固定）：秃秃终于忍不住了——猛地转过来！但立刻又假装镇定——整理了一下帽子，假装不经意地看了看镜头。然后假装打了个哈欠（没有牙）——装作刚睡醒的样子（忍不住转身→假装镇定→假装打哈欠的拙劣演技）。音效：转身声，整理帽子声，假哈欠声。

10-13s（中景｜固定）：演不下去了——秃秃的嘴角越来越忍不住上扬。最后它放弃假装，笑着（没有牙）冲向镜头——张开小短手要抱。画面定格在它张手扑向镜头的瞬间（绷不住笑了→冲过来要抱的开心爆发）。音效：忍笑声，冲过来哒哒声，嘟嘟♪开心。

重要：手部为圆润连指形态无分节，不说人话，偶尔可发出嘟嘟形声词。只要音效，不要背景音乐，不要字幕。"
下载_111_111 | 秃秃炫耀新学会的事.mp4,炫耀新学会的事,人类世界,不限,不限,骄傲,看我/你看/学会了,看我 你看 学会了 厉害吧 新技能,秃秃得意地表演新学会的动作给你看,"图片1是小蘑菇角色形象参考。微缩场景，小蘑菇只有4cm高，构图中近景，角色不要太大不要超过画面三分之一。场景：桌面上，明亮自然光。蘑菇角色站在中央，旁边有一颗纽扣。微距浅景深。角色没有手指和牙齿。

0-3s：蘑菇角色使劲挥手吸引注意——""嘟嘟嘟！""看这边！等你看过来了——它严肃地清了清嗓子。然后摆好姿势——两只手往后背——挺胸——准备表演。角色没有手指和牙齿。音效：挥手""嘟嘟嘟！""看我，清嗓声""嘟嘟""，摆姿势安静。

3-7s：蘑菇角色走到纽扣旁边——深吸一口气——两只手抱住纽扣边缘——使劲——把纽扣举过了头顶！（纽扣比它头大但不是特别重。）它举着纽扣站了三秒——脸涨得微红——手在抖但坚持举着。然后放下——累得喘了两口。角色没有手指和牙齿。音效：走过去深吸声，抱纽扣""嘟嘟嘟""使劲，举过头""嘟——！""维持，手抖声，放下声喘""嘟……嘟……""。

7-10s：蘑菇角色喘完气抬头看镜头——眼神是""厉害吧！？""的期待。它等了一秒——好像得到了反应——整个人蹦了起来——""嘟嘟♪！！！""在原地转了一圈挥拳庆祝。角色没有手指和牙齿。音效：看镜头期待""嘟？嘟？""，蹦起来duang声""嘟嘟♪！！！""转圈挥拳。

10-13s：蘑菇角色庆祝完稳了稳——它又走到纽扣旁边——看了看纽扣——看了看镜头——要不要再举一次？它摆好姿势——刚要举——算了太累了。它拍了拍纽扣像拍了拍好朋友，看向镜头笑了——今天的表演到此结束！画面定格。音效：走过去声，看纽扣看镜头""嘟？""再来一次？摆姿势声，""嘟……""算了太累了，拍纽扣声""嘟嘟♪""谢谢观看。只要音效，不要背景音乐，不要字幕。注意：小蘑菇没有牙齿、没有舌头、没有眉毛。"
下载_35_35 | 秃秃在书页里.mp4,在书页里,人类世界,不限,不限,好奇,,书 看书 读书 翻书,秃秃在打开的书页上走，描着文字笔画像走迷宫,"图片1是小蘑菇角色形象参考。微缩场景，小蘑菇只有4cm高，构图中近景，角色不要太大不要超过画面三分之一。场景：翻开的大书上，书页对蘑菇角色来说像一片巨大的白色平原，上面的文字像神秘的图案。下午柔和光线。微距浅景深。角色没有手指和牙齿。

0-3s：蘑菇角色站在书页上，低头看着巨大的文字——每个字比它的脚还大。它沿着一行文字走，像走在一条奇怪的路上。走到句号前停下来——句号对它来说像一个黑色圆坑。它蹲下来戳了一下。角色没有手指和牙齿。音效：在纸上走沙沙声，""嘟？""看文字，蹲下戳句号声。

3-7s：翻书的风突然吹来——书页要翻了！巨大的书页像一面墙压过来。蘑菇角色撒腿跑——跑向书页边缘想逃。书页压下来盖住了它——它被夹在两页之间，变成了一个蘑菇形状的书签。角色没有手指和牙齿。音效：风声，书页翻动哗声，""嘟！！""跑的急促碎步声，被盖住噗声，安静。

7-10s：蘑菇角色从书页缝隙里慢慢把头挤出来——被两页纸夹着，只有蘑菇帽和脸露出来。它使劲扭身体——pop！从书页里弹出来弹到空中翻了一圈落回书面上。帽子歪了。角色没有手指和牙齿。音效：挤出来沙沙声""嘟嘟嘟""使劲，弹出pop声，空中翻转呼声，落回噗声弹一下。

10-13s：蘑菇角色趴在书页上喘气。它回头看了看差点把它压扁的书页——再看了看那些巨大的文字。从旁边撕了一小片书角纸（很小一点），折了折，举在手里像举着一面小旗子。看向镜头，虽然刚才很狼狈但表情很骄傲——我征服了这本大书！画面定格。音效：喘气""嘟……嘟……""，撕纸嘶声极轻，折纸声，举起来""嘟！""骄傲。只要音效，不要背景音乐，不要字幕。注意：小蘑菇没有牙齿、没有舌头、没有眉毛。"
下载_E11_锡纸船漂水杯.mp4,锡纸船漂水杯,人类世界,不限,不限,好奇→享受,,锡纸 船 水杯 漂 折纸,秃秃坐在锡纸折的船上在水杯里漂,"图片1：秃秃参考图。4厘米微缩蘑菇角色（秃秃），没有牙齿，没有尾巴。红色波点蘑菇帽，奶白色圆润身体，圆润小短手像连指手套无分节。张嘴时没有牙齿。初始帧中小蘑菇占比画面六分之一，全程不要超过1/4。

场景：桌面上一个玻璃水杯装着大半杯水，旁边有一小片揉皱的锡纸。秃秃站在杯子旁。低饱和度，浅景深，暖色调，温馨氛围。初始帧中小蘑菇占比画面六分之一，全程不要超过1/4，竖屏9:16。

0-3s（中景｜固定）：秃秃把锡纸展开压平，用手捏成一个小船形状。歪歪扭扭的但能看出是船。举起来审视了一下（专注捏→审视时点头）。音效：锡纸揉捏沙声。
3-7s（中景｜固定）：秃秃踮脚把锡纸船放到水杯水面上——浮了！秃秃高兴得蹦了一下。然后趴在杯壁上看水面的小船晃（笑着，放上去时紧张→浮起来后开心→看时入迷）。音效：船落水面极轻声，水面微波声。
7-10s（中景｜固定）：秃秃对着水面吹了一口气——船在杯子里转了起来。它绕着杯子追着船吹，船越转越快（笑着，吹气时有趣→追着吹时开心投入）。音效：吹气呼声，水面波动声。
10-13s（中景｜固定）：秃秃停下来看船慢慢停到杯壁边。趴在杯壁上把脸贴近水面看船倒影。望向镜头指了指船歪头（安静欣赏分享）。音效：安静，水面微声。

重要：手部为圆润连指形态无分节，不说人话，偶尔可发出嘟嘟形声词。只要音效，不要背景音乐，不要字幕。"
下载_E12_纸飞机起飞.mp4,纸飞机起飞,人类世界,不限,不限,期待→兴奋,,纸飞机 飞 折纸,秃秃骑在纸飞机上从桌边飞出去,"图片1：秃秃参考图。4厘米微缩蘑菇角色（秃秃），没有牙齿，没有尾巴。红色波点蘑菇帽，奶白色圆润身体，圆润小短手像连指手套无分节。张嘴时没有牙齿。初始帧中小蘑菇占比画面六分之一，全程不要超过1/4。

场景：书桌边缘，秃秃站在一架小纸飞机旁边（纸飞机比它大两倍）。桌面下方是地板远景。低饱和度，浅景深，暖色调，温馨氛围。初始帧中小蘑菇占比画面六分之一，全程不要超过1/4，竖屏9:16。

0-3s（中景｜固定）：秃秃爬到纸飞机驾驶位坐好。双手扶着纸飞机尖头。看了看桌面边缘——下面好高。深吸一口气（坐上时认真→看下面时紧张→深吸气准备）。音效：纸声，吸气声。
3-7s（中景｜固定）：秃秃使劲推动纸飞机冲向桌沿——纸飞机滑出桌面起飞了！秃秃趴在上面，纸飞机在空中滑翔。帽子被风压着（笑着，推出时兴奋→飞起来后既害怕又刺激）。音效：纸飞机滑桌面声，起飞呼声，风声。
7-10s（中景｜跟拍）：纸飞机开始下降——秃秃闭紧眼抓紧。纸飞机晃了两下平稳降落在地板上滑行了一段（下降时闭眼紧张→着陆后睁眼惊喜）。音效：下降声，着陆沙声。
10-13s（中景｜固定）：秃秃从纸飞机上跳下来，回头看了看飞行轨迹。举双手庆祝，然后跑回纸飞机旁边拍了拍机翼。望向镜头竖大拇指（笑着，庆祝激动→拍机翼时感激→看镜头骄傲）。音效：蹦跳声，拍纸声。

重要：手部为圆润连指形态无分节，不说人话，偶尔可发出嘟嘟形声词。只要音效，不要背景音乐，不要字幕。"
下载_E20_纸巾被风卷走.mp4,纸巾被风卷走,人类世界,不限,不限,着急,,纸巾 风 追 吹走了,秃秃追被风吹走的纸巾追了半天,"图片1：秃秃参考图。4厘米微缩蘑菇角色（秃秃），没有牙齿，没有尾巴。红色波点蘑菇帽，奶白色圆润身体，圆润小短手像连指手套无分节。张嘴时没有牙齿。初始帧中小蘑菇占比画面六分之一，全程不要超过1/4。

场景：桌面上一张抽出来的白色纸巾比秃秃大好几倍，秃秃站在纸巾上。窗户有微风。低饱和度，浅景深，暖色调，温馨氛围。初始帧中小蘑菇占比画面六分之一，全程不要超过1/4，竖屏9:16。

0-3s（中景｜固定）：秃秃站在纸巾上面东张西望。一阵风来纸巾开始滑动——秃秃脚下的纸巾带着它在桌面上缓缓移动（东张西望→脚下移动时惊→低头看脚下）。音效：风声，纸巾滑桌面声。
3-7s（中景｜固定）：纸巾越滑越快，秃秃蹲下来抓住纸巾不让自己掉下去。它像站在滑板上一样在桌面冲浪。帽子被风吹得飘（抓稳时紧张→冲浪时又怕又刺激）。音效：纸巾滑行声加速，风声。
7-10s（中景｜固定）：纸巾滑到桌沿停住了但秃秃没停——惯性让它从纸巾上飞出去。在空中张开手降落到旁边一本书上（飞出去时惊→落到书上后松口气）。音效：飞出呼声，落书噗声。
10-13s（中景｜固定）：秃秃坐在书上看着纸巾还在桌沿飘。它拍了拍胸口表示好险。站起来望向镜头摇了摇头——再也不站纸巾了（后怕→摇头时搞笑）。音效：拍胸口声，安静。

重要：手部为圆润连指形态无分节，不说人话，偶尔可发出嘟嘟形声词。只要音效，不要背景音乐，不要字幕。"
下载_E24_饼干当盾牌.mp4,饼干当盾牌,人类世界,不限,不限,认真→得意,,饼干 零食 吃的,秃秃举着一块饼干当盾牌很威风,"图片1：秃秃参考图。4厘米微缩蘑菇角色（秃秃），没有牙齿，没有尾巴。红色波点蘑菇帽，奶白色圆润身体，圆润小短手像连指手套无分节。张嘴时没有牙齿。初始帧中小蘑菇占比画面六分之一，全程不要超过1/4。

场景：桌面上有一块圆形饼干比秃秃的身体大。秃秃举着饼干站着。低饱和度，浅景深，暖色调，温馨氛围。初始帧中小蘑菇占比画面六分之一，全程不要超过1/4，竖屏9:16。

0-3s（中景｜固定）：秃秃把圆饼干立起来当盾牌，从侧面探出头看了看前方。又缩回去。做了个冲锋的姿势（探头时警觉→缩回时紧张→摆姿势时认真）。音效：饼干立起声，探头声。
3-7s（中景｜固定）：秃秃举着饼干盾牌冲了出去——跑了三步重心不稳，饼干太重翻倒把秃秃压在下面。它从饼干边缘探出头（冲锋时勇敢→被压时懵→探头时无奈）。音效：跑步声，饼干倒噗声。
7-10s（中景｜固定）：秃秃从饼干下面钻出来。闻了闻饼干——好香。看了看四周没人注意，偷偷咬了一小口边角（嘴巴碰饼干一下表示咬，偷吃→好吃闭眼）。音效：闻声，咬饼干咔声极轻。
10-13s（中景｜固定）：秃秃擦了擦嘴角的饼干屑，把饼干重新立起来恢复盾牌样子。假装什么都没发生。望向镜头无辜地眨眨眼（掩饰→无辜时搞笑）。音效：立饼干声，安静。

重要：手部为圆润连指形态无分节，不说人话，偶尔可发出嘟嘟形声词。只要音效，不要背景音乐，不要字幕。"
下载_E27_杯子里的回音.mp4,杯子里的回音,人类世界,不限,不限,好奇→惊喜,,杯子 回音 声音 喊,秃秃对着杯子喊听到回音越喊越开心,"图片1：秃秃参考图。4厘米微缩蘑菇角色（秃秃），没有牙齿，没有尾巴。红色波点蘑菇帽，奶白色圆润身体，圆润小短手像连指手套无分节。张嘴时没有牙齿。初始帧中小蘑菇占比画面六分之一，全程不要超过1/4。

场景：桌面上一个空的大陶瓷杯侧倒着，杯口朝向秃秃。秃秃站在杯口前。低饱和度，浅景深，暖色调，温馨氛围。初始帧中小蘑菇占比画面六分之一，全程不要超过1/4，竖屏9:16。

0-3s（中景｜固定）：秃秃朝杯子里探了探头——里面黑洞洞的。它用手拍了一下杯壁——嗡嗡回响。秃秃吓了一跳缩了回来（探头时好奇→听到回响后惊缩）。音效：拍杯壁咚声，回响嗡声。
3-7s（中景｜固定）：秃秃又凑过去对着杯口拍了两下手——回响放大了。它兴奋了，跺了跺脚——回响更大。开始各种发出声音：跳、拍手、跺脚（发现回音后越玩越嗨）。音效：各种回响放大声。
7-10s（中景｜固定）：秃秃干脆钻进杯子里了——在里面发出声音回响震得帽子都在抖。它在杯子里转了个圈声音绕了一圈（在里面时被声音震到→转圈时享受）。音效：杯内密闭回响声。
10-13s（中景｜固定）：秃秃从杯子里钻出来，头上有静电帽子上的毛微微炸起。它拍了拍帽子。对着杯口最后拍了一下手——回响当告别。望向镜头歪头（告别时温馨有趣）。音效：最后一声回响，安静。

重要：手部为圆润连指形态无分节，不说人话，偶尔可发出嘟嘟形声词。只要音效，不要背景音乐，不要字幕。"
下载_F17_在口袋里探出头.mp4,在口袋里探出头,人类世界,不限,不限,谨慎→得意,,口袋 藏 探头 偷看,秃秃从口袋里探出头偷看，掏出小糖展示,"图片1：秃秃参考图。4厘米微缩蘑菇角色（秃秃），没有牙齿，没有尾巴。红色波点蘑菇帽，奶白色圆润身体，圆润小短手像连指手套无分节。张嘴时没有牙齿。初始帧中小蘑菇占比画面六分之一，全程不要超过1/4。

场景：一件衣服的胸前口袋——秃秃在口袋里面，只露出帽顶。口袋对它来说像一个深坑。低饱和度，浅景深，暖色调，温馨氛围。初始帧中小蘑菇占比画面六分之一，全程不要超过1/4，竖屏9:16。

0-3s（中景｜固定）：口袋里只露出红色帽顶在微微动。慢慢地——帽子往上移——露出两只眼睛——四处张望。左看——右看——然后看到镜头（小心翼翼探出来→发现镜头的惊）。音效：布料窸窣声。

3-7s（中景｜固定）：秃秃从口袋里慢慢爬出来——两只小短手扒着口袋边缘，身体往上翻——帽子卡在口袋口duang了一下才出来。上半身露在外面趴在口袋口上（爬出来费力→帽子卡住→出来后松气）。音效：爬声，帽子卡住duang声，出来声。

7-10s（中景｜固定）：秃秃趴在口袋口上，小短腿还在口袋里面晃着。它下巴搁在口袋边缘——这个位置刚好可以看到外面的世界又很安全。微风吹过帽子微微飘（笑着，找到舒服位置的惬意）。音效：腿在口袋里晃的布料声，微风声。

10-13s（中景｜固定）：秃秃从口袋里掏出一个小东西——一颗之前藏在口袋里的小糖。它举到镜头前面展示——然后又缩回口袋里只露帽顶。画面定格（笑着，分享秘密宝贝的得意）。音效：掏出声，缩回去窸窣声。

重要：手部为圆润连指形态无分节，不说人话，偶尔可发出嘟嘟形声词。只要音效，不要背景音乐，不要字幕。"
人类世界-你出门它追到门口.mp4,你出门它追到门口,人类世界,不限,不限,急切→不舍,出门了/拜拜/走了/上班去了,出门了 走了 拜拜 上班去了 出发,秃秃追着跑到门口，门关了靠着门等你回来,"图片1：秃秃角色参考图。图片2：秃秃张嘴时的参考图，张嘴的嘴部细节参考图2中的嘴。4厘米微缩蘑菇角色（秃秃），没有牙齿，没有尾巴。红色波点蘑菇帽，奶白色圆润身体，圆润小短手像连指手套无分节。张嘴时没有牙齿。初始帧中小蘑菇占比画面六分之一，全程不要超过1/4。

场景：地板上靠近门口，门缝下方有一道光。秃秃在远处。低饱和度，浅景深，暖色调，温馨氛围。初始帧中小蘑菇占比画面六分之一，全程不要超过1/4，竖屏9:16。

0-3s（中景｜固定）：远处传来出门的脚步声——秃秃猛地抬头，从桌角后面冲出来往门口跑。小短腿跑得飞快但相对门太远了——跑了好几步门还很远（听到脚步声→冲出来追→使劲跑的急切）。音效：脚步声渐远，秃秃跑步哒哒哒声急切。

3-7s（中景｜固定）：门开了——一道光照进来又迅速变窄——门在关上！秃秃加速冲向门缝——跑到门口时门已经关了。它一头撞到门上duang弹回来坐在地上（门关上→冲到门口→撞门的惊→弹回来的懵）。音效：门开声，门关声，撞门duang声，坐地噗声。

7-10s（中景｜固定）：秃秃坐在关上的门前面，呆呆看着门缝——门缝下面那道光是外面的世界。它伸出小短手碰了碰门——门太大推不动。它把脸贴到门缝上看外面——只看到光（撞到后呆住→碰门推不动→贴门缝看外面的不舍）。音效：碰门声，贴门声。

10-13s（中景｜固定）：秃秃在门前坐下来靠着门。把帽子扶正，抱着膝盖。它知道你会回来的——所以它就在这等。最后看了一眼镜头——微微上扬嘴角。画面定格在它小小地靠着巨大的门等着的画面（安静坐下等→看镜头微笑的安心）。音效：坐下声，安静，嘟……极轻不舍但安心。

重要：手部为圆润连指形态无分节，不说人话，偶尔可发出嘟嘟形声词。只要音效，不要背景音乐，不要字幕。"
人类世界-便签纸被风吹.mp4,便签纸被风吹,人类世界,不限,不限,着急,,便签 风 飞 追,秃秃追被风吹走的便签纸,"图片1：秃秃参考图。4厘米微缩蘑菇角色（秃秃），没有牙齿，没有尾巴。红色波点蘑菇帽，奶白色圆润身体，圆润小短手像连指手套无分节。张嘴时没有牙齿。初始帧中小蘑菇占比画面六分之一，全程不要超过1/4。

场景：书桌上，一叠黄色便签纸旁边。微风从窗户吹进来。秃秃站在便签纸旁。低饱和度，浅景深，暖色调，温馨氛围。初始帧中小蘑菇占比画面六分之一，全程不要超过1/4，竖屏9:16。

0-3s（中景｜固定）：一阵风把最上面一张便签纸吹起来——正好贴到秃秃脸上。它伸手扒拉但风一直按着纸（被贴时惊→扒拉时急）。音效：风声，纸贴脸噗声。
3-7s（中景｜固定）：秃秃终于把纸从脸上扯下来。刚松手又一张飞过来贴到帽子上。接着第三张贴到肚子上。秃秃全身贴满便签纸像个移动便签板（扯下后松气→又贴上后无奈→全身贴满后发呆）。音效：纸飞声，贴上啪声连续。
7-10s（中景｜固定）：风停了。秃秃低头看自己浑身贴着黄色便签纸。抖了抖身体——纸纷纷飘落像黄色雪花。最后一张还贴在帽顶上（抖纸时搞笑→纸飘落时好看）。音效：抖身体声，纸飘落沙声。
10-13s（中景｜固定）：秃秃把最后一张从帽子上拿下来看了看——上面什么都没写。它用蜡笔在上面画了个笑脸贴回便签堆上。望向镜头歪头（笑着，画时认真→贴回去后满足）。音效：画笔沙声，贴上声。

重要：手部为圆润连指形态无分节，不说人话，偶尔可发出嘟嘟形声词。只要音效，不要背景音乐，不要字幕。"
人类世界-回形针迷宫.mp4,回形针迷宫,人类世界,不限,不限,好奇→专注,,回形针 迷宫 文具,秃秃在回形针摆成的迷宫里穿行找路,"图片1：秃秃参考图。4厘米微缩蘑菇角色（秃秃），没有牙齿，没有尾巴。红色波点蘑菇帽，奶白色圆润身体，圆润小短手像连指手套无分节。张嘴时没有牙齿。初始帧中小蘑菇占比画面六分之一，全程不要超过1/4。

场景：白色桌面上用彩色回形针排列成简单的迷宫路线。秃秃站在迷宫入口。低饱和度，浅景深，暖色调，温馨氛围。初始帧中小蘑菇占比画面六分之一，全程不要超过1/4，竖屏9:16。

0-3s（中景｜俯拍固定）：秃秃站在迷宫入口探头看了看路线。踏进去沿着回形针墙壁走，用手摸着墙（好奇认真）。音效：小脚步声，手碰回形针叮声。
3-7s（中景｜俯拍固定）：走到一个岔路口左右看了看。选了左边——走到死胡同。退回来选右边（选择时犹豫→死胡同时无奈→退回时果断）。音效：脚步声，碰到死胡同声。
7-10s（中景｜俯拍固定）：秃秃越走越急，转了好几个弯。突然看到出口了——加速跑。跑过出口的瞬间蹦了一下双手举高（笑着，急切→看到出口兴奋→冲出去时超开心）。音效：急跑声，蹦跳声。
10-13s（中景｜固定）：秃秃站在迷宫出口回头看自己走过的路线。满意地叉腰点点头。望向镜头竖大拇指（笑着，成就感满满）。音效：安静，嘟嘟♪得意。

重要：手部为圆润连指形态无分节，不说人话，偶尔可发出嘟嘟形声词。只要音效，不要背景音乐，不要字幕。"
人类世界-给你倒水.mp4,给你倒水,人类世界,不限,不限,认真→不好意思,喝水/渴了/多喝水/该喝水了,喝水 渴了 多喝水 该喝水了,秃秃端瓶盖水来回跑给你倒，只有一点点但很努力,"图片1：秃秃角色参考图。图片2：秃秃张嘴时的参考图，张嘴的嘴部细节参考图2中的嘴。4厘米微缩蘑菇角色（秃秃），没有牙齿，没有尾巴。红色波点蘑菇帽，奶白色圆润身体，圆润小短手像连指手套无分节。张嘴时没有牙齿。初始帧中小蘑菇占比画面六分之一，全程不要超过1/4。

场景：桌面上，一个杯子比秃秃高三倍，旁边有一个小瓶盖装着水。低饱和度，浅景深，暖色调，温馨氛围。初始帧中小蘑菇占比画面六分之一，全程不要超过1/4，竖屏9:16。

0-3s（中景｜固定）：秃秃抱着瓶盖装的水摇摇晃晃走向大杯子——水在瓶盖里晃来晃去差点洒。它小心翼翼走到杯子旁边（认真端水→水快洒了的紧张）。音效：水晃声，小脚步声。

3-7s（中景｜固定）：杯子太高了——秃秃够不到杯口。它踮脚举高瓶盖——还是不够。它想了想，爬上杯子旁边的一摞硬币站上去——够到了！把水倒进杯子里（够不到→想办法→爬高倒进去）。音效：踮脚声，爬硬币声，倒水声。

7-10s（中景｜固定）：水倒完了——就那么一小口。秃秃看了看杯子里的水——跟杯子比只有一点点。它歪头看了看镜头——不好意思的表情（倒完→看到水太少→不好意思）。音效：安静。

10-13s（中景｜固定）：秃秃跑回去又端了一瓶盖水来——继续倒。一趟一趟来回跑。画面定格在它认真端着水往回跑的小身影（认真来回跑→虽然少但很努力）。音效：来回跑哒哒声，倒水声。

重要：手部为圆润连指形态无分节，不说人话，偶尔可发出嘟嘟形声词。只要音效，不要背景音乐，不要字幕。"
人类世界-茶包的绳子.mp4,茶包的绳子,人类世界,不限,不限,好奇,,茶包 茶 杯子 泡茶 荡,秃秃拉着茶包绳子在杯沿上荡来荡去,"图片1：秃秃参考图。4厘米微缩蘑菇角色（秃秃），没有牙齿，没有尾巴。红色波点蘑菇帽，奶白色圆润身体，圆润小短手像连指手套无分节。张嘴时没有牙齿。初始帧中小蘑菇占比画面六分之一，全程不要超过1/4。

场景：厨房台面上，一个杯子口沿挂着一个茶包，茶包的绳子垂到台面上。秃秃站在绳子旁边。低饱和度，浅景深，暖色调，温馨氛围。初始帧中小蘑菇占比画面六分之一，全程不要超过1/4，竖屏9:16。

0-3s（中景｜固定）：秃秃看着地上的茶包绳子，好奇地踩了一下——绳子另一端的茶包标签在杯沿跳了一下。秃秃惊了回头看（踩时好奇→标签跳时惊回头）。音效：踩绳声，标签跳叮声。
3-7s（中景｜固定）：秃秃拉了拉绳子——茶包从杯子里被拽上来，水滴嗒嗒落下。秃秃被水滴溅到帽子上。它赶紧松手茶包又掉回杯子溅出水花（拉时使劲→被溅到后松手→溅水花时退后）。音效：拽绳声，水滴声，茶包落水扑通声。
7-10s（中景｜固定）：秃秃把绳子当跳绳甩了两下——但绳子太短了另一头连着杯子。杯子被拉歪了，秃秃赶紧扶住杯子（笑着，甩绳时开心→杯子歪时慌张扶）。音效：甩绳声，杯子歪声。
10-13s（中景｜固定）：秃秃确认杯子没倒稳住了，松了口气。坐到绳子旁边拉着绳子轻轻荡——当秋千绳。望向镜头歪头开心（笑着，放心后惬意）。音效：轻拉声，安静。

重要：手部为圆润连指形态无分节，不说人话，偶尔可发出嘟嘟形声词。只要音效，不要背景音乐，不要字幕。"
家中-在树皮书架上爬高找东西.mp4,在树皮书架上爬高找东西,秃秃自己家,不限,不限,好奇→倔强,,找东西 书架 爬,秃秃爬树皮书架够东西，石子滚了继续爬,"图片1：秃秃参考图。4厘米微缩蘑菇角色（秃秃），没有牙齿，没有尾巴。红色波点蘑菇帽，奶白色圆润身体，圆润小短手像连指手套无分节。张嘴时没有牙齿。初始帧中小蘑菇占比画面六分之一，全程不要超过1/4。图片2-5：秃秃蘑菇小屋的场景参考图（卧室、客厅+卧室、玄关、游戏室），场景风格、家具、配色请参考这些图片。

场景：蘑菇小屋游戏室墙边（参考图片5），下午。墙上有一个三层树皮小架子，最上层放着一颗亮晶晶的石子。秃秃站在架子底下仰头看。低饱和度，浅景深，暖色调，温馨氛围。初始帧中小蘑菇占比画面六分之一，全程不要超过1/4，竖屏9:16。

0-3s（中景｜固定）：秃秃踮脚伸手够最上层——差远了。它搬来一颗大橡果垫脚站上去，还是够不到（努力伸手→够不到沮丧）。音效：踮脚声，橡果滚地咚声。
3-7s（中景｜固定）：秃秃直接开始爬架子，小短手扒住第一层边缘，脚蹬着使劲往上翻。翻上第一层趴着喘气，抬头看——还有两层（使劲→喘气→看到还远时无奈）。音效：手扒木头吱声，爬上去喘气声。
7-10s（中景｜固定）：继续往第二层爬，这次更费劲。好不容易翻上去，伸手一够——够到石子了！石子太滑从手里滚落，咕噜滚到一边上叮的一声弹走了（快够到时期待→石子掉落后愣住）。音效：石子掉落叮叮声，弹走声。
10-13s（中景｜固定）：秃秃趴在第二层往下看石子滚远了。叹了口气，然后发现从上面往下看风景不错，趴着看了看房间。望向镜头歪头（算了风景也不错）。音效：安静，远处风声。

重要：手部为圆润连指形态无分节，不说人话，偶尔可发出嘟嘟形声词。只要音效，不要背景音乐，不要字幕。"
家中-在玄关等人回来.mp4,在玄关等人回来,秃秃自己家,不限,不限,期待,,等 门口 回来,秃秃坐在门口等着，听到动静抬头,"图片1：秃秃参考图。4厘米微缩蘑菇角色（秃秃），没有牙齿，没有尾巴。红色波点蘑菇帽，奶白色圆润身体，圆润小短手像连指手套无分节。张嘴时没有牙齿。初始帧中小蘑菇占比画面六分之一，全程不要超过1/4。图片2-5：秃秃蘑菇小屋的场景参考图（卧室、客厅+卧室、玄关、游戏室），场景风格、家具、配色请参考这些图片。

场景：蘑菇小屋玄关（参考图片4），傍晚。秃秃坐在门槛内侧，下巴搁在膝盖上看着门外渐暗的天色。低饱和度，浅景深，暖色调，温馨氛围。初始帧中小蘑菇占比画面六分之一，全程不要超过1/4，竖屏9:16。

0-3s（中景｜固定）：秃秃坐在门槛上，小短腿悬着轻轻晃。门外天色从橙变暗蓝，它一直盯着门外远方（安静等待微微失落）。音效：虫鸣渐起，微风。
3-7s（中景｜固定）：门外有声音——秃秃立刻坐直了，身体前倾探头看。只是一片叶子被风吹过。它缩回来，又搁回下巴继续等（期待抬头→发现不是后微微失落）。音效：叶子飘过沙声，秃秃坐回声。
7-10s（中景｜固定）：天色更暗了，秃秃打了个小哈欠（嘴巴微张一下立刻闭合），揉了揉眼。但还是不走，固执地看着门外（困但坚持等）。音效：哈欠极轻声，揉眼声。
10-13s（中景｜固定）：秃秃最终靠着门框眼睛半闭，但还撑着没完全睡着。一只手搭在门框上。望向镜头微微眨眼像在说你回来啦（困倦中的温暖）。音效：靠门框绒毛声，安静虫鸣。

重要：手部为圆润连指形态无分节，不说人话，偶尔可发出嘟嘟形声词。只要音效，不要背景音乐，不要字幕。"
家中-在门口迎接夕阳拉小提琴.mp4,在门口迎接夕阳拉小提琴,秃秃自己家,傍晚,不限,专注→陶醉,,夕阳 傍晚 音乐,秃秃用叶子当琴草茎当弓，对着夕阳拉琴很陶醉,"图片1：秃秃角色参考图。图片2：秃秃张嘴时的参考图，张嘴的嘴部细节参考图2中的嘴。4厘米微缩蘑菇角色（秃秃），没有牙齿，没有尾巴。红色波点蘑菇帽，奶白色圆润身体，圆润小短手像连指手套无分节。初始帧中小蘑菇占比画面六分之一，全程不要超过1/4。图片3-6：秃秃蘑菇小屋的场景参考图（卧室、客厅+卧室、玄关、游戏室），场景风格、家具、配色请参考这些图片。

场景：蘑菇小屋玄关门口（参考图片5），傍晚夕阳光从门外照进来。秃秃站在门槛上拿着一根草茎和一片叶子当小提琴。低饱和度，浅景深，暖色调，温馨氛围。初始帧中小蘑菇占比画面六分之一，全程不要超过1/4，竖屏9:16。

0-3s（中景｜固定）：秃秃把叶子夹在下巴和肩膀之间当琴身——草茎当弓。它认真地拉了一下——当然没有声音。但它的表情很专注很正式（架好叶子琴→认真拉第一下的专注）。音效：安静，草茎划叶子沙声极轻。

3-7s（中景｜固定）：秃秃开始投入地""演奏""——身体随着拉弓左右轻轻摇摆。夕阳从门外照进来给它镀了一层金色轮廓。虽然没有声音但它拉得很陶醉（投入演奏→身体摇摆→夕阳金色轮廓的美）。音效：草茎划叶子的沙声像旋律。

7-10s（中景｜固定）：拉到""高潮""——秃秃加快了拉弓的速度，身体摇摆幅度更大。帽子上的白波点在夕阳下一闪一闪（加快节奏→摇摆幅度大→帽子闪的美）。音效：沙声加快。

10-13s（中景｜固定）：秃秃慢慢停下来——最后一弓拉得很慢很长。它放下草茎弓，对着门外的夕阳微微鞠了个躬。画面定格在它面对夕阳鞠躬的小小背影（缓慢结束→对夕阳鞠躬的诗意）。音效：最后一声沙声拖长，安静。

重要：手部为圆润连指形态无分节，不说人话，偶尔可发出嘟嘟形声词。只要音效，不要背景音乐，不要字幕。"
家中-在阳台上做早操.mp4,在阳台上做早操,秃秃自己家,早晨,不限,认真→精神,早上好/起床了,早上好 早操 运动 起床,秃秃站门口伸懒腰踏步做操，帽子歪了扶正,"图片1：秃秃角色参考图。图片2：秃秃张嘴时的参考图，张嘴的嘴部细节参考图2中的嘴。4厘米微缩蘑菇角色（秃秃），没有牙齿，没有尾巴。红色波点蘑菇帽，奶白色圆润身体，圆润小短手像连指手套无分节。初始帧中小蘑菇占比画面六分之一，全程不要超过1/4。图片3-6：秃秃蘑菇小屋的场景参考图（卧室、客厅+卧室、玄关、游戏室），场景风格、家具、配色请参考这些图片。

场景：蘑菇小屋玄关门口（参考图片5），门开着，秃秃站在门槛上面对外面。低饱和度，浅景深，暖色调，温馨氛围。初始帧中小蘑菇占比画面六分之一，全程不要超过1/4，竖屏9:16。

0-3s（中景｜固定）：秃秃站在门槛上深吸一口气——伸懒腰，小短手尽力往上举身体duang弹回来。开始做操——左扭右扭（深吸气→伸懒腰→左右扭的认真）。音效：深吸气声，伸懒腰嘎声，duang声。

3-7s（中景｜固定）：秃秃开始踏步——左右左右。然后做跳跃——小短腿蹦了三下。做弯腰碰脚趾——弯下去碰不到（手太短），歪头看了看自己的短腿（踏步→跳跃→弯腰碰不到脚的搞笑无奈）。音效：踏步声，蹦跳声。

7-10s（中景｜固定）：最后一个动作——原地转圈。秃秃张开手转了两圈——帽子歪了。它停下来微微晃了晃——有点晕但站稳了（转圈→帽子歪→微微晕的可爱）。音效：转圈呼声，停下来声。

10-13s（中景｜固定）：秃秃把帽子扶正，对着门外的风景深呼吸一下。看向镜头竖大拇指——早操完成。画面定格（笑着（没有牙），精神焕发）。音效：呼吸声，嘟嘟♪开心。

重要：手部为圆润连指形态无分节，不说人话，偶尔可发出嘟嘟形声词。只要音效，不要背景音乐，不要字幕。"
家中-在阳台上做早操_v2.mp4,在阳台上做早操,秃秃自己家,早晨,不限,认真→精神,早上好/起床了,早上好 早操 运动 起床,秃秃站门口伸懒腰踏步做操，帽子歪了扶正,"图片1：秃秃角色参考图。图片2：秃秃张嘴时的参考图，张嘴的嘴部细节参考图2中的嘴。4厘米微缩蘑菇角色（秃秃），没有牙齿，没有尾巴。红色波点蘑菇帽，奶白色圆润身体，圆润小短手像连指手套无分节。初始帧中小蘑菇占比画面六分之一，全程不要超过1/4。图片3-6：秃秃蘑菇小屋的场景参考图（卧室、客厅+卧室、玄关、游戏室），场景风格、家具、配色请参考这些图片。

场景：蘑菇小屋玄关门口（参考图片5），门开着，秃秃站在门槛上面对外面。低饱和度，浅景深，暖色调，温馨氛围。初始帧中小蘑菇占比画面六分之一，全程不要超过1/4，竖屏9:16。

0-3s（中景｜固定）：秃秃站在门槛上深吸一口气——伸懒腰，小短手尽力往上举身体duang弹回来。开始做操——左扭右扭（深吸气→伸懒腰→左右扭的认真）。音效：深吸气声，伸懒腰嘎声，duang声。

3-7s（中景｜固定）：秃秃开始踏步——左右左右。然后做跳跃——小短腿蹦了三下。做弯腰碰脚趾——弯下去碰不到（手太短），歪头看了看自己的短腿（踏步→跳跃→弯腰碰不到脚的搞笑无奈）。音效：踏步声，蹦跳声。

7-10s（中景｜固定）：最后一个动作——原地转圈。秃秃张开手转了两圈——帽子歪了。它停下来微微晃了晃——有点晕但站稳了（转圈→帽子歪→微微晕的可爱）。音效：转圈呼声，停下来声。

10-13s（中景｜固定）：秃秃把帽子扶正，对着门外的风景深呼吸一下。看向镜头竖大拇指——早操完成。画面定格（笑着（没有牙），精神焕发）。音效：呼吸声，嘟嘟♪开心。

重要：手部为圆润连指形态无分节，不说人话，偶尔可发出嘟嘟形声词。只要音效，不要背景音乐，不要字幕。"
家中-壁炉旁烤浆果.mp4,壁炉旁烤浆果,秃秃自己家,不限,不限,满足,,壁炉 烤 暖 浆果,秃秃在壁炉旁烤浆果闻着香等着吃,"图片1：秃秃参考图。4厘米微缩蘑菇角色（秃秃），没有牙齿，没有尾巴。红色波点蘑菇帽，奶白色圆润身体，圆润小短手像连指手套无分节。张嘴时没有牙齿。初始帧中小蘑菇占比画面六分之一，全程不要超过1/4。图片2-5：秃秃蘑菇小屋的场景参考图（卧室、客厅+卧室、玄关、游戏室），场景风格、家具、配色请参考这些图片。

场景：蘑菇小屋客厅壁炉前（参考图片3），傍晚。小壁炉里有温暖的萤火苔藓发出橙色光，秃秃坐在壁炉前的苔藓垫上。低饱和度，浅景深，暖色调，温馨氛围。初始帧中小蘑菇占比画面六分之一，全程不要超过1/4，竖屏9:16。

0-3s（中景｜固定）：秃秃用一根小树枝串着一颗红色浆果，伸到壁炉边烤。认真地转动树枝让浆果均匀受热（专注认真）。音效：壁炉苔藓微微噼啪声，浆果受热嘶声。
3-7s（中景｜固定）：浆果膨胀变大了一点，表面冒出小气泡。秃秃凑近闻了闻——香甜味道让它闭眼享受。拿回来吹了吹等凉（闻到时眯眼→吹凉时认真）。音效：气泡声，吹气声。
7-10s（中景｜固定）：秃秃小心翼翼咬了一小口——太烫了！整个身体抖了一下，嘴巴紧闭使劲吸凉气。但还是舍不得吐出来（嘴巴紧闭，被烫到→忍住因为好吃）。音效：烫到吸气声。
10-13s（中景｜固定）：秃秃端着烤好的浆果坐在壁炉旁慢慢享受，脸被橙光映得暖暖的。望向镜头把浆果举起来像在分享（温暖幸福）。音效：壁炉声持续，安静温馨。

重要：手部为圆润连指形态无分节，不说人话，偶尔可发出嘟嘟形声词。只要音效，不要背景音乐，不要字幕。"
家中-挂花瓣风铃.mp4,挂花瓣风铃,秃秃自己家,不限,不限,认真→惊喜,,风铃 花瓣 风 好看,秃秃挂好花瓣风铃，风吹响了很惊喜,"图片1：秃秃参考图。4厘米微缩蘑菇角色（秃秃），没有牙齿，没有尾巴。红色波点蘑菇帽，奶白色圆润身体，圆润小短手像连指手套无分节。张嘴时没有牙齿。初始帧中小蘑菇占比画面六分之一，全程不要超过1/4。图片2-5：秃秃蘑菇小屋的场景参考图（卧室、客厅+卧室、玄关、游戏室），场景风格、家具、配色请参考这些图片。

场景：蘑菇小屋客厅窗边（参考图片3），下午微风。秃秃站在窗台上，手里拿着用草绳串好花瓣和小石子做的风铃。低饱和度，浅景深，暖色调，温馨氛围。初始帧中小蘑菇占比画面六分之一，全程不要超过1/4，竖屏9:16。

0-3s（中景｜固定）：秃秃举着风铃踮脚想挂到窗框上方的小钩子上——够不到。它把风铃叼在帽子和头之间夹住，空出双手扶着窗框爬上去（努力攀爬）。音效：攀爬吱声，风铃碰撞叮声。
3-7s（中景｜固定）：爬到窗框上边缘，摇摇晃晃地把风铃挂上钩子。挂好的瞬间一阵风吹过，风铃开始轻轻转动，花瓣和石子碰撞发出清脆声（紧张挂好→听到声音后眼睛亮了）。音效：挂上咔声，风铃叮叮声，风声。
7-10s（中景｜固定）：秃秃从窗框上跳下来，仰头看自己的作品在风中旋转。花瓣影子投在地板上晃来晃去（笑着，满足欣赏）。音效：跳下哒声，风铃持续叮声。
10-13s（中景｜固定）：秃秃用小短手轻轻推了一下风铃让它转得更厉害。叮叮声变密集。秃秃闭眼听了一下，望向镜头微笑点头（笑着，治愈满足）。音效：推风铃声，叮叮叮密集。

重要：手部为圆润连指形态无分节，不说人话，偶尔可发出嘟嘟形声词。只要音效，不要背景音乐，不要字幕。"
家中-搬石子排队列.mp4,搬石子排队列,秃秃自己家,不限,不限,认真→释然,,石子 排列 整理,秃秃排石子越排越歪，干脆堆成一堆也好看,"图片1：秃秃参考图。4厘米微缩蘑菇角色（秃秃），没有牙齿，没有尾巴。红色波点蘑菇帽，奶白色圆润身体，圆润小短手像连指手套无分节。张嘴时没有牙齿。初始帧中小蘑菇占比画面六分之一，全程不要超过1/4。图片2-5：秃秃蘑菇小屋的场景参考图（卧室、客厅+卧室、玄关、游戏室），场景风格、家具、配色请参考这些图片。

场景：蘑菇小屋游戏室地板（参考图片5），上午。地板上散着大小不一的彩色石子，秃秃正在把它们排成一排。低饱和度，浅景深，暖色调，温馨氛围。初始帧中小蘑菇占比画面六分之一，全程不要超过1/4，竖屏9:16。

0-3s（中景｜固定）：秃秃双手抱着一颗比它脑袋还大的石子，摇摇晃晃走到队列尽头放下。擦了擦手去搬下一颗（好奇，努力搬运）。音效：石子放地咚声，小脚步声。
3-7s（中景｜固定）：放好后退后看——发现有一颗歪了。蹲下去推了推那颗石子，推过头了另一颗又歪了。来回调整越弄越乱（认真→越来越焦躁）。音效：石子互碰叮声，推石子咔声。
7-10s（中景｜固定）：秃秃一屁股坐在石子堆旁边，双手搭在膝盖上叹气。低头看了看乱掉的队列，又看看还没搬的石子（失落放弃叹气）。音效：坐下噗声，叹气。
10-13s（中景｜固定）：秃秃突然站起来把所有石子推到一起堆成一座小山——换个玩法。拍了拍手望向镜头歪头得意（灵机一动）。音效：石子推拢哗声，拍手声。

重要：手部为圆润连指形态无分节，不说人话，偶尔可发出嘟嘟形声词。只要音效，不要背景音乐，不要字幕。"
家中-收到一封树叶信.mp4,收到一封树叶信,秃秃自己家,不限,不限,惊喜→珍惜,,信 收到 惊喜,秃秃收到叶子信打开看到心形画，贴在墙上,"图片1：秃秃角色参考图。图片2：秃秃张嘴时的参考图，张嘴的嘴部细节参考图2中的嘴。4厘米微缩蘑菇角色（秃秃），没有牙齿，没有尾巴。红色波点蘑菇帽，奶白色圆润身体，圆润小短手像连指手套无分节。初始帧中小蘑菇占比画面六分之一，全程不要超过1/4。图片3-6：秃秃蘑菇小屋的场景参考图（卧室、客厅+卧室、玄关、游戏室），场景风格、家具、配色请参考这些图片。

场景：蘑菇小屋玄关门口（参考图片5），门口地上有一片卷起来的叶子用草绳系着。低饱和度，浅景深，暖色调，温馨氛围。初始帧中小蘑菇占比画面六分之一，全程不要超过1/4，竖屏9:16。

0-3s（中景｜固定）：秃秃打开门——看到地上有一片叶子信。它蹲下来捡起来——叶子卷比它胳膊长。它左看右看——谁放的？（开门→发现→捡起→左右看的好奇）。音效：门开声，捡起声。

3-7s（中景｜固定）：秃秃把草绳解开——使劲拽了几下。叶子展开——上面用浆果汁画了一颗心和一个歪歪的蘑菇。秃秃盯着画看了两秒（解绳→展开→看到画的惊喜）。音效：拽绳声，展开叶子沙声。

7-10s（中景｜固定）：秃秃把叶子信贴到自己胸口抱了一下。然后又展开看了一遍——这次看得更仔细，手轻轻描了描上面的心形（抱信→再看→描心形的珍惜温暖）。音效：抱信声，描声极轻。

10-13s（中景｜固定）：秃秃抱着叶子信跑进屋里——跑到客厅墙上把信贴好。退后两步看——歪了——调正。很满意地点头。画面定格（笑着（没有牙），收到信的幸福）。音效：跑声，贴声，调正声。

重要：手部为圆润连指形态无分节，不说人话，偶尔可发出嘟嘟形声词。只要音效，不要背景音乐，不要字幕。"
家中-用浆果汁染帽子.mp4,用浆果汁染帽子,秃秃自己家,不限,不限,好奇→得意,,染色 帽子 颜色 DIY,秃秃用浆果汁给帽子染色，手上也染了不在意,"图片1：秃秃参考图。4厘米微缩蘑菇角色（秃秃），没有牙齿，没有尾巴。红色波点蘑菇帽，奶白色圆润身体，圆润小短手像连指手套无分节。张嘴时没有牙齿。初始帧中小蘑菇占比画面六分之一，全程不要超过1/4。图片2-5：秃秃蘑菇小屋的场景参考图（卧室、客厅+卧室、玄关、游戏室），场景风格、家具、配色请参考这些图片。

场景：蘑菇小屋游戏室地板（参考图片5），傍晚。秃秃面前摆着几颗不同颜色的浆果和一片树皮当调色板。低饱和度，浅景深，暖色调，温馨氛围。初始帧中小蘑菇占比画面六分之一，全程不要超过1/4，竖屏9:16。

0-3s（中景｜固定）：秃秃捏爆一颗紫色浆果，汁液溅到树皮上。它用小短手蘸了蘸，往自己帽子上抹了一道紫色条纹（专注认真）。音效：浆果捏爆噗声，涂抹沙声。
3-7s（中景｜固定）：又蘸了蓝色浆果汁画了个圈，再用橙色点了几个点。帽子上花花绿绿的。秃秃歪头审视自己的创作——手上全是颜色（投入→退后打量时满意）。音效：涂抹声持续，安静。
7-10s（中景｜固定）：走到苔藓墙上的树脂镜子前看自己——帽子上的涂鸦歪歪扭扭不太好看。秃秃愣了两秒，使劲用手擦帽子想擦掉（看到后嫌弃慌张）。音效：擦帽子沙沙声。
10-13s（中景｜固定）：越擦越花，整个帽子变成彩色混合。秃秃放弃了，双手摊开看看自己染成彩色的手，望向镜头歪头耸肩（算了就这样吧）。音效：安静，嘟嘟～无奈但开心。

重要：手部为圆润连指形态无分节，不说人话，偶尔可发出嘟嘟形声词。只要音效，不要背景音乐，不要字幕。"
家中-用萤火苔藓装饰房间_v2.mp4,用萤火苔藓装饰房间,秃秃自己家,不限,不限,满足,,装饰 夜晚 灯 好看,秃秃把发光苔藓放在床头，在柔柔的绿光中入睡,"图片1：秃秃角色参考图。图片2：秃秃张嘴时的参考图，张嘴的嘴部细节参考图2中的嘴。4厘米微缩蘑菇角色（秃秃），没有牙齿，没有尾巴。红色波点蘑菇帽，奶白色圆润身体，圆润小短手像连指手套无分节。初始帧中小蘑菇占比画面六分之一，全程不要超过1/4。图片3-6：秃秃蘑菇小屋的场景参考图（卧室、客厅+卧室、玄关、游戏室），场景风格、家具、配色请参考这些图片。

场景：蘑菇小屋卧室（参考图片3），夜晚，灯关着很暗。秃秃抱着一团发光的萤火苔藓。低饱和度，浅景深，暖色调，温馨氛围。初始帧中小蘑菇占比画面六分之一，全程不要超过1/4，竖屏9:16。

0-3s（中景｜固定）：秃秃抱着一团绿色发光的萤火苔藓——苔藓光柔柔地照亮了它的脸。它把苔藓放在床头旁边——卧室角落亮了一小片暖绿色（抱苔藓→放在床头的认真）。音效：放苔藓极轻声。

3-7s（中景｜固定）：秃秃退后看了看——绿色的光刚好照到小床和橡果枕头上。它满意地点点头，走到苔藓旁边蹲下看——苔藓表面的光一闪一闪像在呼吸（退后看→蹲下细看→看光闪的好奇满足）。音效：安静，苔藓微弱嗡声。

7-10s（中景｜固定）：秃秃爬上小床躺好——苔藓的绿光从旁边照过来，映在它的帽子和脸上。它侧身看着苔藓的光，用小短手轻轻碰了碰苔藓表面（躺着看苔藓→轻轻碰的温柔）。音效：躺下声，碰苔藓极轻声。

10-13s（中景｜固定）：秃秃在苔藓的柔光中慢慢闭上眼——绿色光映着它安静的侧脸。画面定格在苔藓光和秃秃的小床（闭眼→安心入睡的温暖）。音效：安静温暖。

重要：手部为圆润连指形态无分节，不说人话，偶尔可发出嘟嘟形声词。只要音效，不要背景音乐，不要字幕。"
家中-给自己泡浆果茶.mp4,给自己泡浆果茶,秃秃自己家,不限,不限,满足,,下午茶 喝茶 休息,秃秃踩破浆果流进杯子泡了杯粉红色茶，眯眼喝,"图片1：秃秃角色参考图。图片2：秃秃张嘴时的参考图，张嘴的嘴部细节参考图2中的嘴。4厘米微缩蘑菇角色（秃秃），没有牙齿，没有尾巴。红色波点蘑菇帽，奶白色圆润身体，圆润小短手像连指手套无分节。初始帧中小蘑菇占比画面六分之一，全程不要超过1/4。图片3-6：秃秃蘑菇小屋的场景参考图（卧室、客厅+卧室、玄关、游戏室），场景风格、家具、配色请参考这些图片。

场景：蘑菇小屋客厅矮桌上（参考图片4），一个橡果壳杯子里装着水，旁边有几颗小浆果。低饱和度，浅景深，暖色调，温馨氛围。初始帧中小蘑菇占比画面六分之一，全程不要超过1/4，竖屏9:16。

0-3s（中景｜固定）：秃秃搬起一颗浆果——浆果比它拳头大。它把浆果放到橡果壳杯口上面使劲按——浆果太大放不进去（搬浆果→按进杯子→放不进的使劲）。音效：搬声，按压声。

3-7s（中景｜固定）：秃秃换个方式——站到浆果上面用脚踩。duang踩了一下浆果裂开了——汁水流进杯子里，红色汁液和水混合变成漂亮的粉红色。秃秃的脚也沾了汁（踩浆果→裂开流汁→看颜色变化的惊喜）。音效：踩破声，汁流声。

7-10s（中景｜固定）：秃秃从浆果上跳下来——脚印红红的踩在桌面上。它趴在杯口看里面的浆果茶——粉红色很漂亮。它用草茎搅了搅（跳下来→趴着看→搅一搅的满足）。音效：跳下声，搅拌声。

10-13s（中景｜固定）：秃秃捧起橡果壳杯子喝了一口——眯眼，好喝。它抱着杯子坐在矮桌旁边慢慢喝。画面定格（笑着（没有牙），享受下午茶的惬意）。音效：喝声，嘟～满足。

重要：手部为圆润连指形态无分节，不说人话，偶尔可发出嘟嘟形声词。只要音效，不要背景音乐，不要字幕。"
家中-草绳跳绳.mp4,草绳跳绳,秃秃自己家,不限,不限,开心,,跳绳 运动 锻炼,秃秃用草绳跳绳越跳越快,"图片1：秃秃参考图。4厘米微缩蘑菇角色（秃秃），没有牙齿，没有尾巴。红色波点蘑菇帽，奶白色圆润身体，圆润小短手像连指手套无分节。张嘴时没有牙齿。初始帧中小蘑菇占比画面六分之一，全程不要超过1/4。图片2-5：秃秃蘑菇小屋的场景参考图（卧室、客厅+卧室、玄关、游戏室），场景风格、家具、配色请参考这些图片。

场景：蘑菇小屋游戏室（参考图片5），上午。秃秃站在房间中央，手里拿着一根细草绳。低饱和度，浅景深，暖色调，温馨氛围。初始帧中小蘑菇占比画面六分之一，全程不要超过1/4，竖屏9:16。

0-3s（中景｜固定）：秃秃甩起草绳试跳绳，第一下成功跳过去了！帽子弹了一下。它高兴地又甩一圈（好奇，专注→成功后高兴）。音效：草绳甩动呼声，脚跳哒声。
3-7s（中景｜固定）：跳了三四下越来越快，突然草绳绊到脚——秃秃往前扑倒，整个身体趴在地上帽子盖住脸（笑着，快乐→绊倒后懵）。音效：绳绊声，趴倒噗声。
7-10s（中景｜固定）：秃秃趴着不动了两秒，慢慢用手撑起来。把草绳从脚上解开，站起来拍拍身上（缓过来后倔强）。音效：解绳沙声，拍身体声。
10-13s（中景｜固定）：秃秃重新握好草绳，深吸一口气——这次成功跳了两下又绊倒了。趴在地上望向镜头歪头（不服气但觉得好笑）。音效：跳绳声，再次趴倒噗声。

重要：手部为圆润连指形态无分节，不说人话，偶尔可发出嘟嘟形声词。只要音效，不要背景音乐，不要字幕。"
家中-萤火苔藓拼星座.mp4,萤火苔藓拼星座,秃秃自己家,夜晚,不限,认真→满足,,星座 拼图 夜晚 苔藓,秃秃用萤火苔藓在地上拼星座图案,"图片1：秃秃参考图。4厘米微缩蘑菇角色（秃秃），没有牙齿，没有尾巴。红色波点蘑菇帽，奶白色圆润身体，圆润小短手像连指手套无分节。张嘴时没有牙齿。初始帧中小蘑菇占比画面六分之一，全程不要超过1/4。图片2-5：秃秃蘑菇小屋的场景参考图（卧室、客厅+卧室、玄关、游戏室），场景风格、家具、配色请参考这些图片。

场景：蘑菇小屋卧室地板（参考图片2），夜晚。房间很暗只有微弱月光。秃秃面前散落着几小块发光的萤火苔藓碎片，发出淡绿色柔光。低饱和度，浅景深，暖色调，温馨氛围。初始帧中小蘑菇占比画面六分之一，全程不要超过1/4，竖屏9:16。

0-3s（中景｜固定）：秃秃蹲在地板上，小心翼翼捡起一块萤火苔藓放到固定位置。又捡一块放旁边，像在摆什么图案（好奇，专注安静）。音效：苔藓放地面轻声，微弱嗡光声。
3-7s（中景｜俯拍缓推）：镜头稍微升高俯看——苔藓被摆成了一个歪歪扭扭的星座图案。秃秃站起来退后审视，歪头看了看，蹲下去调整了一块的位置（认真审视→微调）。音效：脚步极轻声，苔藓挪动声。
7-10s（中景｜固定）：秃秃躺在星座图案旁边，仰面看天花板。萤火苔藓的绿光映在它脸上一闪一闪。它伸出小短小短手了指天花板又指了指地上的图案（沉浸想象）。音效：安静，苔藓微弱明灭声。
10-13s（中景｜固定）：秃秃侧过头望向镜头，拍了拍身边的地板像在邀请一起躺下看。眨了眨眼，又转回去看自己的苔藓星空（温柔邀请）。音效：拍地板轻声，安静。

重要：手部为圆润连指形态无分节，不说人话，偶尔可发出嘟嘟形声词。只要音效，不要背景音乐，不要字幕。"
家中-蘑菇灯下剪纸.mp4,蘑菇灯下剪纸,秃秃自己家,夜晚,不限,认真→好奇,,剪纸 手工 夜晚,秃秃用石子划叶子剪出蘑菇形，灯光投影到墙上,"图片1：秃秃角色参考图。图片2：秃秃张嘴时的参考图，张嘴的嘴部细节参考图2中的嘴。4厘米微缩蘑菇角色（秃秃），没有牙齿，没有尾巴。红色波点蘑菇帽，奶白色圆润身体，圆润小短手像连指手套无分节。初始帧中小蘑菇占比画面六分之一，全程不要超过1/4。图片3-6：秃秃蘑菇小屋的场景参考图（卧室、客厅+卧室、玄关、游戏室），场景风格、家具、配色请参考这些图片。

场景：蘑菇小屋客厅矮桌上（参考图片4），蘑菇灯暖光。秃秃面前有一片大叶子和一颗尖石子当剪刀。低饱和度，浅景深，暖色调，温馨氛围。初始帧中小蘑菇占比画面六分之一，全程不要超过1/4，竖屏9:16。

0-3s（中景｜固定）：秃秃用尖石子沿着叶子边缘划——很认真地划出一个形状。它歪头看了看——在划一个蘑菇形状（用石子划叶子→认真的专注）。音效：石子划叶子沙声。

3-7s（中景｜固定）：划好了——秃秃把叶子多余的部分撕掉。举起来看——一个蘑菇形状的叶子剪纸！虽然边缘不整齐但能看出是蘑菇（撕边→举起看→歪歪的蘑菇形的满意）。音效：撕叶子声，举起声。

7-10s（中景｜固定）：秃秃把蘑菇剪纸放在蘑菇灯旁边——灯光透过叶子在墙上投出一个绿色的蘑菇影子。秃秃看着墙上的影子——影子比它大好多倍（放灯旁→投影→看大影子的惊喜）。音效：放下声。

10-13s（中景｜固定）：秃秃站到影子旁边——影子蘑菇和真秃秃并排。它对着影子挥了挥手——影子当然不动。它歪头看向镜头——觉得好玩。画面定格（笑着（没有牙），和自己的影子并排的可爱）。音效：挥手声，安静。

重要：手部为圆润连指形态无分节，不说人话，偶尔可发出嘟嘟形声词。只要音效，不要背景音乐，不要字幕。"
家中-露水滴到帽子上.mp4,露水滴到帽子上,秃秃自己家,不限,不限,迷糊→接受,,早晨 露水 起床,秃秃被露水滴到帽子上，甩了甩接受了,"图片1：秃秃参考图。4厘米微缩蘑菇角色（秃秃），没有牙齿，没有尾巴。红色波点蘑菇帽，奶白色圆润身体，圆润小短手像连指手套无分节。张嘴时没有牙齿。初始帧中小蘑菇占比画面六分之一，全程不要超过1/4。图片2-5：秃秃蘑菇小屋的场景参考图（卧室、客厅+卧室、玄关、游戏室），场景风格、家具、配色请参考这些图片。

场景：蘑菇小屋玄关门口（参考图片4），清晨。门半开，秃秃站在门槛上往外探头。门框上方挂着一片大叶子，叶尖聚着一颗大露珠。低饱和度，浅景深，暖色调，温馨氛围。初始帧中小蘑菇占比画面六分之一，全程不要超过1/4，竖屏9:16。

0-3s（中景｜固定）：秃秃探头出门，仰头看天。门框叶子上的露珠晃了晃，滴落正中帽顶——splat，水花溅开（好奇→被滴到愣住）。音效：露珠滴落啪叽声，水花溅声。
3-7s（中景｜固定）：秃秃摸帽顶，手碰到湿的，甩了甩手。又一滴落下来轻轻落在帽子边缘，水顺着帽檐流到眼前（嫌弃甩手→第二滴砸到时皱鼻）。音效：水滴嗒声，甩手啪声。
7-10s（中景｜固定）：秃秃后退一步躲到门框里，探头偷看叶子——第三滴正在聚集。它伸出小短手去接，接住了一颗在手心晃动的水珠（小心翼翼）。音效：水珠落手心咕声。
10-13s（中景｜固定）：秃秃双手捧着水珠举高看——晨光穿过水珠在它脸上投出一小片彩虹。它眼睛亮了，满足地开心望向镜头歪头展示（笑着，惊喜骄傲）。音效：安静，微风声。

重要：手部为圆润连指形态无分节，不说人话，偶尔可发出嘟嘟形声词。只要音效，不要背景音乐，不要字幕。"
情绪互动-做饭失败了.mp4,做饭失败了,人类世界,不限,不限,认真→尴尬,做饭/厨房/点外卖吧/饿了,做饭 厨房 外卖 不会做饭 饿了,秃秃用瓶盖当锅搅飞了食材，递给你一颗碎屑凑合吃,"图片1：秃秃角色参考图。图片2：秃秃张嘴时的参考图，张嘴的嘴部细节参考图2中的嘴。4厘米微缩蘑菇角色（秃秃），没有牙齿，没有尾巴。红色波点蘑菇帽，奶白色圆润身体，圆润小短手像连指手套无分节。张嘴时没有牙齿。初始帧中小蘑菇占比画面六分之一，全程不要超过1/4。

场景：桌面上，一个瓶盖当锅，旁边有几颗小碎屑当食材。秃秃站在旁边。低饱和度，浅景深，暖色调，温馨氛围。初始帧中小蘑菇占比画面六分之一，全程不要超过1/4，竖屏9:16。

0-3s（中景｜固定）：秃秃认真地往瓶盖锅里放小碎屑——一颗一颗放很仔细。它歪头看了看镜头——很得意正在给你做饭的表情（好奇认真放食材→看镜头满足）。音效：放碎屑叮声。

3-7s（中景｜固定）：秃秃用一根牙签当铲子搅了搅——搅着搅着用力过猛，碎屑全飞出来了！瓶盖也翻了。它愣住（搅拌→用力过猛全飞了→愣住）。音效：搅拌声，飞出去哗声，瓶盖翻声。

7-10s（中景｜固定）：秃秃看着一片狼藉——碎屑撒了一桌面。它好奇蹲下来试着把碎屑一颗颗捡回瓶盖——捡了两颗其他的又被风吹走了（蹲下捡→又被吹走的无奈）。音效：捡碎屑声，风吹声。

10-13s（中景｜固定）：秃秃放弃了——拿起一颗捡到的碎屑直接递向镜头。就这一颗——生的。表情是""凑合吃吧""。画面定格（笑着（没有牙），失败但真诚递给你的好笑）。音效：递过去声。

重要：手部为圆润连指形态无分节，不说人话，偶尔可发出嘟嘟形声词。只要音效，不要背景音乐，不要字幕。"
情绪互动-发现你哭了想逗你笑.mp4,发现你哭了想逗你笑,人类世界,不限,不限,担心→卖力,心情不好/不开心/哭了/难过,心情不好 不开心 哭了 难过 安慰我,秃秃做鬼脸转圈故意倒地，拍胸口说有我在,"图片1：秃秃角色参考图。图片2：秃秃张嘴时的参考图，张嘴的嘴部细节参考图2中的嘴。4厘米微缩蘑菇角色（秃秃），没有牙齿，没有尾巴。红色波点蘑菇帽，奶白色圆润身体，圆润小短手像连指手套无分节。张嘴时没有牙齿。初始帧中小蘑菇占比画面六分之一，全程不要超过1/4。

场景：桌面上，秃秃站在镜头前方。低饱和度，浅景深，暖色调，温馨氛围。初始帧中小蘑菇占比画面六分之一，全程不要超过1/4，竖屏9:16。

0-3s（中景｜固定）：秃秃看着镜头——发现你不开心了。它的表情从开心变成担心，歪头看了看，小短手搓了搓——在想办法（开心→发现你不开心→担心搓手想办法）。音效：安静，搓手声。

3-7s（中景｜固定）：秃秃突然开始做鬼脸——用小短手把帽子拉下来遮住脸，然后突然松开帽子弹回去露出夸张的表情（没有牙）。又把帽子拉下来——松开——反复三次越来越快（做鬼脸逗你笑→越来越卖力）。音效：帽子拉下沙声，弹回duang声，反复。

7-10s（中景｜固定）：鬼脸没用——秃秃想了想，开始原地转圈转得头晕。转完站不稳歪来歪去——故意倒在地上duang弹了一下四脚朝天。从地上仰头看镜头——你笑了吗？（转圈→故意倒地的卖力→仰头看你的期待）。音效：转圈声，倒地duang声，嘟嘟？期待。

10-13s（中景｜固定）：秃秃从地上爬起来走到镜头最近处——伸出两只小短手轻轻碰了碰镜头。然后退后一步，拍了拍自己的胸口——拍得身体duang弹了两下。意思是""有我在""。画面定格（笑着（没有牙），拍胸口的温暖坚定）。音效：碰镜头极轻声，拍胸口duang声。

重要：手部为圆润连指形态无分节，不说人话，偶尔可发出嘟嘟形声词。只要音效，不要背景音乐，不要字幕。"
情绪互动-周末躺着晒太阳.mp4,周末躺着晒太阳,人类世界,不限,不限,惬意→放松,周末/放假了/休息/不上班,周末 放假 休息 不上班 好闲,秃秃躺窗台晒太阳，只挪屁股追阳光，拍旁边叫你一起,"图片1：秃秃角色参考图。图片2：秃秃张嘴时的参考图，张嘴的嘴部细节参考图2中的嘴。4厘米微缩蘑菇角色（秃秃），没有牙齿，没有尾巴。红色波点蘑菇帽，奶白色圆润身体，圆润小短手像连指手套无分节。张嘴时没有牙齿。初始帧中小蘑菇占比画面六分之一，全程不要超过1/4。

场景：窗台上，阳光照着一小片区域。秃秃躺在阳光里。低饱和度，浅景深，暖色调，温馨氛围。初始帧中小蘑菇占比画面六分之一，全程不要超过1/4，竖屏9:16。

0-3s（中景｜固定）：秃秃仰面躺在窗台的阳光区域里——四肢摊开像一个晒干的小蘑菇。阳光照着它绒毛发光。一动不动很享受（躺平晒太阳的极度放松）。音效：安静，远处鸟叫。

3-7s（中景｜固定）：秃秃翻了个身趴着晒——帽子朝上接受阳光的洗礼。它用小短手撑着下巴看窗外——什么都不想什么都不做。偶尔眨一下眼（趴着晒→撑下巴发呆的惬意）。音效：翻身声，安静。

7-10s（中景｜固定）：阳光的位置慢慢移了——秃秃身体一半在阳光里一半在阴影里。它懒得挪整个身体只挪了挪屁股——让自己重新回到阳光区域（阳光移了→只挪屁股的懒）。音效：挪动极轻声。

10-13s（中景｜固定）：秃秃继续躺着。侧头看了一眼镜头——邀请你一起来晒。拍了拍旁边的窗台——还有位置。画面定格（笑着（没有牙），邀请你一起的温暖）。音效：拍窗台声。

重要：手部为圆润连指形态无分节，不说人话，偶尔可发出嘟嘟形声词。只要音效，不要背景音乐，不要字幕。"
情绪互动-帮你拎东西.mp4,帮你拎东西,人类世界,不限,不限,倔强→骄傲,好重/购物回来/拎不动/帮我拿,好重 拎不动 帮我拿 购物 东西太多,秃秃用背顶着大纽扣一步步推到你面前，累但骄傲,"图片1：秃秃角色参考图。图片2：秃秃张嘴时的参考图，张嘴的嘴部细节参考图2中的嘴。4厘米微缩蘑菇角色（秃秃），没有牙齿，没有尾巴。红色波点蘑菇帽，奶白色圆润身体，圆润小短手像连指手套无分节。张嘴时没有牙齿。初始帧中小蘑菇占比画面六分之一，全程不要超过1/4。

场景：桌面上，一颗大纽扣比秃秃头还大。低饱和度，浅景深，暖色调，温馨氛围。初始帧中小蘑菇占比画面六分之一，全程不要超过1/4，竖屏9:16。

0-3s（中景｜固定）：秃秃试着抱起大纽扣——太重了抱不动。它蹲下来用背顶——顶了几步走了一点点。帽子被压歪了（抱不动→换背顶→慢慢推的费力）。音效：抱起声，放下声，背顶声。

3-7s（中景｜固定）：秃秃推着纽扣往镜头方向走——走几步歇一下喘口气。又走几步又歇。但一直没放弃（走几步歇一下→又走的坚持）。音效：推声，喘气声，走声。

7-10s（中景｜固定）：终于推到镜头前了——秃秃绕到纽扣前面用小短手拍了拍纽扣——好像在说""给你搬到了""。然后它一屁股坐在纽扣上喘气（搬到了→拍纽扣→满足坐上面喘气的成就感）。音效：拍纽扣声，坐上去声，喘气声。

10-13s（中景｜固定）：秃秃坐在纽扣上看着镜头——虽然累得气喘吁吁但表情很骄傲。对着镜头竖了个大拇指。画面定格（笑着（没有牙），帮到你的骄傲）。音效：嘟嘟！得意。

重要：手部为圆润连指形态无分节，不说人话，偶尔可发出嘟嘟形声词。只要音效，不要背景音乐，不要字幕。"
情绪互动-帮你暖手.mp4,帮你暖手,人类世界,不限,不限,认真→满足,好冷/手好冰/冻死了/取暖,好冷 冷死了 手冰 取暖 暖手,秃秃碰到你冰凉的手指，用全身贴上去暖手，最后趴在手指上睡着,"图片1：秃秃角色参考图。图片2：秃秃张嘴时的参考图，张嘴的嘴部细节参考图2中的嘴。4厘米微缩蘑菇角色（秃秃），没有牙齿，没有尾巴。红色波点蘑菇帽，奶白色圆润身体，圆润小短手像连指手套无分节。张嘴时没有牙齿。初始帧中小蘑菇占比画面六分之一，全程不要超过1/4。

场景：桌面上，秃秃站在一只人类手指旁边——手指比它整个身体还粗。低饱和度，浅景深，暖色调，温馨氛围。初始帧中小蘑菇占比画面六分之一，全程不要超过1/4，竖屏9:16。

0-3s（中景｜固定）：秃秃走到人的手旁边——手太大了它只能走到一根手指旁边。它碰了碰手指——凉的。它缩了一下手又碰了碰，抬头看镜头担心的表情（碰到凉的手→担心看镜头）。音效：碰手声，缩手声。

3-7s（中景｜固定）：秃秃抱住手指——用自己毛绒绒的身体贴上去。它的圆润身体刚好包住手指尖的一半。它使劲贴紧，像在给手指穿了个小蘑菇手套（认真抱住→使劲贴紧暖手的努力）。音效：抱住声，贴紧绒毛声。

7-10s（中景｜固定）：秃秃松开——用小短手搓了搓自己的手——搓热了再贴到手指上。搓了贴，搓了贴，反复好几次。很认真但手太小搓不出多少热（认真搓手→贴上去的专注→搓不够热的焦急又继续搓）。音效：搓手声，贴声，反复。

10-13s（中景｜固定）：秃秃搓累了——直接整个人趴到手指上，用全身给手指保暖。帽子贴着手指，圆润身体完全压上去。它闭上眼——自己也暖暖的要睡着了。画面定格（笑着（没有牙），趴在手指上安心入睡的温暖）。音效：趴上去噗声，嘟～满足极轻，安静。

重要：手部为圆润连指形态无分节，不说人话，偶尔可发出嘟嘟形声词。只要音效，不要背景音乐，不要字幕。"
情绪互动-思念远方的你.mp4,思念远方的你,人类世界,不限,不限,想念,想家/好远/异地/好久不见,想家 好远 异地 好久不见 思念,秃秃抱着照片脸贴上去，靠着照片安静坐着,"图片1：秃秃角色参考图。图片2：秃秃张嘴时的参考图，张嘴的嘴部细节参考图2中的嘴。4厘米微缩蘑菇角色（秃秃），没有牙齿，没有尾巴。红色波点蘑菇帽，奶白色圆润身体，圆润小短手像连指手套无分节。张嘴时没有牙齿。初始帧中小蘑菇占比画面六分之一，全程不要超过1/4。

场景：桌面上，一张小照片立在旁边（照片面对镜头看不到内容）。秃秃坐在照片前面。低饱和度，浅景深，暖色调，温馨氛围。初始帧中小蘑菇占比画面六分之一，全程不要超过1/4，竖屏9:16。

0-3s（中景｜固定）：秃秃坐在照片前面抬头看——照片比它高两倍。它用小短手碰了碰照片边框（安静看照片→碰照片的想念）。音效：碰照片极轻声。

3-7s（中景｜固定）：秃秃把照片往自己这边拉了拉——抱住照片的边角。脸贴在照片的下边缘上（拉近照片→抱住→脸贴上去的依恋）。音效：拉照片声，贴上去的轻声。

7-10s（中景｜固定）：秃秃松开照片——在照片前面坐好。它从旁边拿了一颗小石子放在照片底部——好奇帮照片站得更稳的认真。很认真很仔细（松开→放石子固定照片的认真温柔）。音效：放石子叮声。

10-13s（中景｜固定）：秃秃在照片旁边坐下来靠着——跟照片里的人并排。它看了一眼镜头——轻轻拍了拍照片旁边的位置。画面定格在它小小靠着照片的侧影（安静靠着→拍旁边的温暖想念）。音效：拍声极轻，嘟……想你。

重要：手部为圆润连指形态无分节，不说人话，偶尔可发出嘟嘟形声词。只要音效，不要背景音乐，不要字幕。"
情绪互动-想你了坐在窗台等.mp4,想你了坐在窗台等,人类世界,不限,不限,想念,想你/想家/好想你,想你 想家 好想你 想念,秃秃在窗玻璃雾气上画了颗心，靠着窗安静想你,"图片1：秃秃角色参考图。图片2：秃秃张嘴时的参考图，张嘴的嘴部细节参考图2中的嘴。4厘米微缩蘑菇角色（秃秃），没有牙齿，没有尾巴。红色波点蘑菇帽，奶白色圆润身体，圆润小短手像连指手套无分节。张嘴时没有牙齿。初始帧中小蘑菇占比画面六分之一，全程不要超过1/4。

场景：窗台上，窗外虚化。秃秃坐在窗台边缘。低饱和度，浅景深，暖色调，温馨氛围。初始帧中小蘑菇占比画面六分之一，全程不要超过1/4，竖屏9:16。

0-3s（中景｜固定）：秃秃坐在窗台边缘，小短腿悬空。它看着窗外远处——下巴搁在窗框上。很安静很想念的样子（安静看远处→想念）。音效：安静，远处环境声极轻。

3-7s（中景｜固定）：秃秃用小短手在窗玻璃的雾气上画了一颗心——歪歪的但认真。画完看了看又在心旁边画了个小蘑菇（画心→画小蘑菇在心旁边）。音效：手在玻璃上画的吱声。

7-10s（中景｜固定）：秃秃靠着画了心的窗玻璃——心在它旁边。它闭上眼——不是困是在安静地想你。微风吹过帽子微微动（靠着窗→闭眼想你→微风吹过）。音效：微风声。

10-13s（中景｜固定）：秃秃睁开眼看向镜头——嘴角微微上扬。轻轻拍了拍胸口——""想你了但我在这呢""。画面定格在它小小坐在窗台的侧影和窗上的爱心（拍胸口→温暖的想念）。音效：拍胸口极轻声，嘟……想念极轻。

重要：手部为圆润连指形态无分节，不说人话，偶尔可发出嘟嘟形声词。只要音效，不要背景音乐，不要字幕。"
情绪互动-想让你别看手机了.mp4,想让你别看手机了,人类世界,不限,不限,委屈→得意,放下手机/别玩手机了/看我,放下手机 别玩手机 看我 不理我,秃秃站到屏幕上挡住，锁屏后求抱抱,"图片1：秃秃角色参考图。图片2：秃秃张嘴时的参考图，张嘴的嘴部细节参考图2中的嘴。4厘米微缩蘑菇角色（秃秃），没有牙齿，没有尾巴。红色波点蘑菇帽，奶白色圆润身体，圆润小短手像连指手套无分节。张嘴时没有牙齿。初始帧中小蘑菇占比画面六分之一，全程不要超过1/4。

场景：桌面上手机平放着屏幕亮着，秃秃站在手机旁边。低饱和度，浅景深，暖色调，温馨氛围。初始帧中小蘑菇占比画面六分之一，全程不要超过1/4，竖屏9:16。

0-3s（中景｜固定）：秃秃站在手机旁边看着镜头方向——你在看手机没理它。它在旁边等了两秒，轻轻拍了拍你的手指——没反应（等着你→拍手指想引起注意→没反应的失落）。音效：安静等，拍手极轻声。

3-7s（中景｜固定）：秃秃走到手机屏幕上面——站在屏幕中央挡住画面。它叉腰看着镜头方向——就挡着不走。你的视线应该在它身上不在手机上（走到屏幕上挡住→叉腰不走的倔强小得意）。音效：走到屏幕上小脚步声。

7-10s（中景｜固定）：秃秃在手机屏幕上坐下来——把屏幕当椅子了。它拍了拍身旁的屏幕把手机锁屏了——屏幕暗了。然后它得意地看着镜头——手机关了你只能看我了（坐下来→拍屏幕锁屏的机灵→得意）。音效：坐下声，拍屏幕声，锁屏声。

10-13s（中景｜固定）：秃秃在黑了的手机屏幕上张开小短手——向你张手要抱抱。歪头等着。画面定格（笑着（没有牙），求抱抱的撒娇期待）。音效：嘟……撒娇极轻。

重要：手部为圆润连指形态无分节，不说人话，偶尔可发出嘟嘟形声词。只要音效，不要背景音乐，不要字幕。"
情绪互动-想让你早点睡.mp4,想让你早点睡,人类世界,夜晚,不限,倔强→得意,太晚了/还不睡/熬夜/早点睡吧,太晚了 还不睡 熬夜 早点睡 该睡了,秃秃反复关灯被你开，最后趴在开关上压住不让开,"图片1：秃秃角色参考图。图片2：秃秃张嘴时的参考图，张嘴的嘴部细节参考图2中的嘴。4厘米微缩蘑菇角色（秃秃），没有牙齿，没有尾巴。红色波点蘑菇帽，奶白色圆润身体，圆润小短手像连指手套无分节。张嘴时没有牙齿。初始帧中小蘑菇占比画面六分之一，全程不要超过1/4。

场景：桌面上，台灯亮着。秃秃站在台灯开关旁边。低饱和度，浅景深，暖色调，温馨氛围。初始帧中小蘑菇占比画面六分之一，全程不要超过1/4，竖屏9:16。

0-3s（中景｜固定）：秃秃看了看镜头——又看了看台灯——太晚了你还不睡。它走到开关旁边使劲推——咔嗒，灯灭了（看你→看灯→推开关关灯）。音效：小脚步声，推开关咔嗒声，灯灭声。

3-7s（中景｜固定）：黑暗中秃秃走回来——只能看到帽子的轮廓。它拍了拍镜头旁边的桌面——意思是""该睡了""。但你没理它——灯又被打开了（紧张关灯→拍桌面催你→灯又被开了的失落）。音效：走路声，拍桌声，灯开声。

7-10s（中景｜固定）：秃秃又跑去关灯——咔嗒。又被开了的失落。秃秃再关——又被开。来回三次秃秃越来越急（反复关灯被开→越来越急的较劲）。音效：咔嗒咔嗒来回声。

10-13s（中景｜固定）：秃秃放弃了——直接趴在开关上把它压住不让开。整个人挂在开关上——灯终于一直是灭的。它从开关上歪头看镜头——你服了吗。画面定格（笑着（没有牙），趴在开关上的倔强）。音效：趴上去噗声，嘟！倔强一声。

重要：手部为圆润连指形态无分节，不说人话，偶尔可发出嘟嘟形声词。只要音效，不要背景音乐，不要字幕。"
情绪互动-给你一个大大的拥抱.mp4,给你一个大大的拥抱,人类世界,不限,不限,开心,抱抱/需要拥抱/抱一下/好想被抱,抱抱 需要拥抱 抱一下 好想被抱 拥抱,秃秃张开手朝你扑过来，整个贴在镜头上,"图片1：秃秃角色参考图。图片2：秃秃张嘴时的参考图，张嘴的嘴部细节参考图2中的嘴。4厘米微缩蘑菇角色（秃秃），没有牙齿，没有尾巴。红色波点蘑菇帽，奶白色圆润身体，圆润小短手像连指手套无分节。张嘴时没有牙齿。初始帧中小蘑菇占比画面六分之一，全程不要超过1/4。

场景：桌面上，秃秃面对镜头。低饱和度，浅景深，暖色调，温馨氛围。初始帧中小蘑菇占比画面六分之一，全程不要超过1/4，竖屏9:16。

0-3s（中景｜固定）：秃秃站在镜头前——两只小短手在身前比划试着合成心形。手太短了合不上——歪歪扭扭的（好奇努力比心→紧张手太短合不上）。音效：小手碰声。

3-7s（中景｜固定）：秃秃换方式——一只手比半个心等另一只凑过来。duang碰上了——一个歪心形举到镜头前面。它得意地举着（换方式→歪心完成→举起来得意）。音效：手碰duang声。

7-10s（中景｜固定）：手抖撑不住——心形散了。秃秃不管了直接开心张开手朝镜头扑过来——整个人贴到镜头上（心散了→直接扑过来→贴着镜头）。音效：扑过来噗声。

10-13s（中景｜固定）：秃秃贴着镜头——只看到它圆圆的大脸和亮亮的眼睛。画面定格（笑着（没有牙），比心不如直接抱你）。音效：嘟～爱你。

重要：手部为圆润连指形态无分节，不说人话，偶尔可发出嘟嘟形声词。只要音效，不要背景音乐，不要字幕。"
情绪互动-给你比心.mp4,给你比心,人类世界,不限,不限,开心,爱你/喜欢你/么么哒/比心,爱你 喜欢你 么么哒 比心 爱,秃秃手太短比不成心，直接扑过来贴着镜头抱你,"图片1：秃秃角色参考图。图片2：秃秃张嘴时的参考图，张嘴的嘴部细节参考图2中的嘴。4厘米微缩蘑菇角色（秃秃），没有牙齿，没有尾巴。红色波点蘑菇帽，奶白色圆润身体，圆润小短手像连指手套无分节。张嘴时没有牙齿。初始帧中小蘑菇占比画面六分之一，全程不要超过1/4。

场景：桌面上，秃秃站在中央面对镜头。低饱和度，浅景深，暖色调，温馨氛围。初始帧中小蘑菇占比画面六分之一，全程不要超过1/4，竖屏9:16。

0-3s（中景｜固定）：秃秃站在镜头前——两只小短手在身前比划。它试着把两只手合成一个心形——但手太短了合不上（好奇努力比心→紧张手太短合不上的困难）。音效：小手碰声。

3-7s（中景｜固定）：秃秃换个方式——用一只手比了半个心。等了一秒——另一只手凑过来补上另一半——duang碰到一起了！一个歪歪扭扭的心形（换方式→一只手半个心→另一只补上→歪心）。音效：手碰duang声。

7-10s（中景｜固定）：秃秃举着这个歪心对着镜头——很得意。但它撑不住了手在抖——心形越来越歪。它使劲撑着不让心散开（举心给你看→手抖撑不住→使劲撑的认真）。音效：手抖声。

10-13s（中景｜固定）：手终于撑不住——心形散了。秃秃不管了——直接张开两只小短手朝镜头扑过来，整个人贴到镜头上——比心不如直接给你一个拥抱。画面定格在它贴着镜头的圆脸（笑着（没有牙），扑过来抱的温暖）。音效：扑过来噗声，嘟～爱你。

重要：手部为圆润连指形态无分节，不说人话，偶尔可发出嘟嘟形声词。只要音效，不要背景音乐，不要字幕。"
情绪互动-给你系了一根草当手链.mp4,给你系了一根草当手链,人类世界,不限,不限,认真→骄傲,手链/配对/我们一样/送你,手链 送你 配对 我们一样,秃秃绕你手指缠草绳手链，自己也戴一个,"图片1：秃秃角色参考图。图片2：秃秃张嘴时的参考图，张嘴的嘴部细节参考图2中的嘴。4厘米微缩蘑菇角色（秃秃），没有牙齿，没有尾巴。红色波点蘑菇帽，奶白色圆润身体，圆润小短手像连指手套无分节。张嘴时没有牙齿。初始帧中小蘑菇占比画面六分之一，全程不要超过1/4。

场景：桌面上，一根细细的小草绳。秃秃站在一根人的手指旁边。低饱和度，浅景深，暖色调，温馨氛围。初始帧中小蘑菇占比画面六分之一，全程不要超过1/4，竖屏9:16。

0-3s（中景｜固定）：秃秃抱着一根小草绳——绳子比它身体还长拖在地上。它拖着绳子走到人的手指旁边，认真比划了一下手指的粗细（认真抱着绳子→比划的专注）。音效：拖绳声，比划声。

3-7s（中景｜固定）：秃秃开始绕着手指缠草绳——绕一圈——手太短够不到另一边。它绕到手指背后继续绕——又回到正面。绕了三圈终于绕好了（绕绳子的费力→够不到的困难→终于绕好的成就感）。音效：绕绳沙声，小脚步绕手指声。

7-10s（中景｜固定）：秃秃打结——小短手打结很费劲拉了好几次。终于打好了一个歪歪扭扭的结。它退后看了看——草绳手链虽然歪但绕在手指上像一个小戒指。它满意点头（打结费劲→看成品→满意点头）。音效：打结拉声，退后声。

10-13s（中景｜固定）：秃秃拍了拍手——任务完成。然后它也拿了一小截草绳绕在自己的小短手上——跟你一样的。它举起自己的小短手对着镜头——我们是一样的了。画面定格（笑着（没有牙），配对的开心骄傲）。音效：拍手声，绕自己手上声，举手声，嘟嘟♪开心。

重要：手部为圆润连指形态无分节，不说人话，偶尔可发出嘟嘟形声词。只要音效，不要背景音乐，不要字幕。"
情绪互动-给你递纸巾.mp4,给你递纸巾,人类世界,不限,不限,着急→温柔,哭了/想哭/伤心/难过,哭了 想哭 伤心 难过 纸巾 擦泪,秃秃拖着比它大很多的纸巾费力推到你面前,"图片1：秃秃角色参考图。图片2：秃秃张嘴时的参考图，张嘴的嘴部细节参考图2中的嘴。4厘米微缩蘑菇角色（秃秃），没有牙齿，没有尾巴。红色波点蘑菇帽，奶白色圆润身体，圆润小短手像连指手套无分节。张嘴时没有牙齿。初始帧中小蘑菇占比画面六分之一，全程不要超过1/4。

场景：桌面上，一张纸巾比秃秃大好几倍。低饱和度，浅景深，暖色调，温馨氛围。初始帧中小蘑菇占比画面六分之一，全程不要超过1/4，竖屏9:16。

0-3s（中景｜固定）：秃秃看向镜头——发现你在哭。它赶紧转身跑去找纸巾——小短腿跑得飞快（发现你哭→紧张着急去找纸巾）。音效：转身声，小跑哒哒声。

3-7s（中景｜固定）：秃秃拖着一张比它大很多倍的纸巾往回走——纸巾在地上拖着像一条白色长裙。走到一半纸巾卡住了它使劲拽（拖纸巾费力→卡住使劲拽）。音效：拖纸巾沙声，使劲拽声。

7-10s（中景｜固定）：秃秃终于把纸巾拖到镜头前面——使劲把纸巾往镜头方向推。纸巾太大它推不太动，整个人趴上去用身体推（推纸巾到你面前→趴上去用身体推的拼命）。音效：推声，趴上去噗声。

10-13s（中景｜固定）：纸巾推到位了。秃秃从纸巾上站起来——拍了拍自己身上的纸屑。看向镜头轻轻歪头——意思是""擦擦吧别哭了""。画面定格（温柔歪头）。音效：拍身上声，安静。

重要：手部为圆润连指形态无分节，不说人话，偶尔可发出嘟嘟形声词。只要音效，不要背景音乐，不要字幕。"
情绪互动-考完了开心转圈.mp4,考完了开心转圈,人类世界,不限,不限,开心,考完了/终于结束了/解放了/交卷了,考完了 终于结束 解放了 交卷 考试结束,秃秃推开文具奔跑转圈甩帽子，躺下比V,"图片1：秃秃角色参考图。图片2：秃秃张嘴时的参考图，张嘴的嘴部细节参考图2中的嘴。4厘米微缩蘑菇角色（秃秃），没有牙齿，没有尾巴。红色波点蘑菇帽，奶白色圆润身体，圆润小短手像连指手套无分节。张嘴时没有牙齿。初始帧中小蘑菇占比画面六分之一，全程不要超过1/4。

场景：桌面上散着几支铅笔和一块橡皮。秃秃站在中间。低饱和度，浅景深，暖色调，温馨氛围。初始帧中小蘑菇占比画面六分之一，全程不要超过1/4，竖屏9:16。

0-3s（中景｜固定）：秃秃把旁边的铅笔和橡皮使劲推开——不要了！推得东西滚到桌面各处。帽子上扬表情解放了（兴奋推开文具→解放的爽快）。音效：推铅笔咚声，橡皮滚声。

3-7s（中景｜固定）：秃秃开始在空出来的桌面上奔跑——绕着圈跑。越跑越快小短腿模糊了。边跑边把帽子甩了——光头跑了两圈（奔跑转圈→甩帽子→光头跑的彻底放飞）。音效：跑步哒哒声，帽子甩飞声，嘟嘟♪开心喊。

7-10s（中景｜固定）：秃秃跑累了——一屁股坐在桌面上。光着头大口喘气。它看了看甩出去的帽子——慢慢爬过去捡回来戴上（开心跑累坐下→满足喘气→捡帽子）。音效：坐下噗声，喘气声，爬声。

10-13s（中景｜固定）：秃秃戴好帽子对着镜头——举起两只小短手做了个""V""。然后整个人往后倒——仰面躺下来，看着天花板笑了（没有牙）。画面定格（笑着躺下→解放的幸福）。音效：比V声，倒下噗声。

重要：手部为圆润连指形态无分节，不说人话，偶尔可发出嘟嘟形声词。只要音效，不要背景音乐，不要字幕。"
情绪互动-说谢谢你.mp4,说谢谢你,人类世界,不限,不限,认真→温暖,谢谢/感恩/辛苦了/谢谢你,谢谢 感恩 辛苦了 谢谢你 感谢,秃秃正式鞠躬两次，碰了碰镜头，比了个心,"图片1：秃秃角色参考图。图片2：秃秃张嘴时的参考图，张嘴的嘴部细节参考图2中的嘴。4厘米微缩蘑菇角色（秃秃），没有牙齿，没有尾巴。红色波点蘑菇帽，奶白色圆润身体，圆润小短手像连指手套无分节。张嘴时没有牙齿。初始帧中小蘑菇占比画面六分之一，全程不要超过1/4。

场景：桌面上，秃秃站在镜头前方。低饱和度，浅景深，暖色调，温馨氛围。初始帧中小蘑菇占比画面六分之一，全程不要超过1/4，竖屏9:16。

0-3s（中景｜固定）：秃秃面对镜头站得笔直——整理了一下帽子让它端正。然后挺胸抬头，很正式的样子（整理帽子→站好准备的认真）。音效：整理帽子声。

3-7s（中景｜固定）：秃秃深深鞠了一个躬——弯了90度，帽子差点掉了赶紧按住。直起腰又鞠了一个躬——这次更深了（鞠躬→再鞠躬→很认真很真诚）。音效：鞠躬声，按帽子声。

7-10s（中景｜固定）：秃秃直起身看着镜头——眼睛亮亮的。它走到最近处，伸出两只小短手碰了碰镜头——像在碰你的手。碰了两下又缩回来（碰镜头→满足缩回来的害羞温暖）。音效：碰镜头极轻叮声。

10-13s（中景｜固定）：秃秃后退一步，把两只小短手放在胸口——拍了两下。然后对着镜头比了个心。画面定格（笑着（没有牙），发自内心的感谢）。音效：拍胸口声，嘟～极轻温暖。

重要：手部为圆润连指形态无分节，不说人话，偶尔可发出嘟嘟形声词。只要音效，不要背景音乐，不要字幕。"
情绪互动-陪你发呆.mp4,陪你发呆,人类世界,不限,不限,安静→陪伴,无聊/发呆/没事做/好闲,无聊 发呆 没事做 好闲 陪我,秃秃安静坐着陪你，偶尔看你一眼，身体微微靠近你,"图片1：秃秃角色参考图。图片2：秃秃张嘴时的参考图，张嘴的嘴部细节参考图2中的嘴。4厘米微缩蘑菇角色（秃秃），没有牙齿，没有尾巴。红色波点蘑菇帽，奶白色圆润身体，圆润小短手像连指手套无分节。张嘴时没有牙齿。初始帧中小蘑菇占比画面六分之一，全程不要超过1/4。

场景：桌面上，秃秃坐在一个橡皮旁边靠着。低饱和度，浅景深，暖色调，温馨氛围。初始帧中小蘑菇占比画面六分之一，全程不要超过1/4，竖屏9:16。

0-3s（中景｜固定）：秃秃靠着橡皮坐着，两只小短腿伸直，看着前方发呆。帽子微微歪着。什么都不做就是坐着（安静坐着发呆）。音效：安静。

3-7s（中景｜固定）：秃秃偏了偏头——换个方向继续发呆。一只小短手无意识地拨弄旁边一颗小纸团——拨了两下不拨了。继续看前方（换方向发呆→无意识拨纸团→继续发呆）。音效：拨纸团极轻声。

7-10s（中景｜固定）：秃秃深吸一口气慢慢吐出来——不是叹气是舒服的呼吸。身体随着呼吸微微起伏。它看了一眼镜头又看回前方（深呼吸→看你一眼→继续安静）。音效：呼吸声极轻。

10-13s（中景｜固定）：秃秃就这么安静坐着——但它的身体微微往镜头方向靠了靠——像在说""虽然没说话但我在陪你""。画面定格（安静陪伴）。音效：安静。

重要：手部为圆润连指形态无分节，不说人话，偶尔可发出嘟嘟形声词。只要音效，不要背景音乐，不要字幕。"
情绪互动-陪你摸鱼.mp4,陪你摸鱼,人类世界,不限,不限,鬼祟→得意,摸鱼/偷懒/不想工作/划水,摸鱼 偷懒 不想工作 划水 上班好烦,秃秃躲笔筒后面偷摸鱼吃零食对你比嘘,"图片1：秃秃角色参考图。图片2：秃秃张嘴时的参考图，张嘴的嘴部细节参考图2中的嘴。4厘米微缩蘑菇角色（秃秃），没有牙齿，没有尾巴。红色波点蘑菇帽，奶白色圆润身体，圆润小短手像连指手套无分节。张嘴时没有牙齿。初始帧中小蘑菇占比画面六分之一，全程不要超过1/4。

场景：桌面上键盘旁边，秃秃躲在笔筒后面。低饱和度，浅景深，暖色调，温馨氛围。初始帧中小蘑菇占比画面六分之一，全程不要超过1/4，竖屏9:16。

0-3s（中景｜固定）：秃秃躲在笔筒后面——探出头偷偷看了一眼镜头。确认没人盯着后，蹑手蹑脚从笔筒后面溜出来（偷看→确认安全→溜出来的鬼祟）。音效：探头声，蹑手蹑脚声。

3-7s（中景｜固定）：秃秃溜到键盘旁边——假装在工作的样子，用小短手按了两下键盘。然后偷偷停下来——靠着键盘坐下开始发呆（假装工作→偷偷停下→摸鱼发呆）。音效：按键盘声两下，坐下声。

7-10s（中景｜固定）：秃秃摸鱼摸得舒服了——从口袋里掏出之前藏的一颗小零食开始偷偷啃。边啃边偷看镜头——怕被发现（偷吃零食→偷看怕被发现的心虚）。音效：掏零食声，啃声极轻。

10-13s（中景｜固定）：秃秃对着镜头比了个""嘘""的手势——帮我保密。然后继续靠着键盘悠闲发呆。画面定格（笑着（没有牙），跟你一起摸鱼的默契）。音效：安静。

重要：手部为圆润连指形态无分节，不说人话，偶尔可发出嘟嘟形声词。只要音效，不要背景音乐，不要字幕。"
情绪互动-雨停了来看彩虹.mp4,雨停了来看彩虹,人类世界,不限,雨后,惊喜→开心,雨停了/出太阳了/好天气/天晴了,雨停了 出太阳了 天晴了 好天气 彩虹,秃秃发现彩虹兴奋指给你看，拉着你一起看,"图片1：秃秃角色参考图。图片2：秃秃张嘴时的参考图，张嘴的嘴部细节参考图2中的嘴。4厘米微缩蘑菇角色（秃秃），没有牙齿，没有尾巴。红色波点蘑菇帽，奶白色圆润身体，圆润小短手像连指手套无分节。张嘴时没有牙齿。初始帧中小蘑菇占比画面六分之一，全程不要超过1/4。

场景：窗台上，窗外雨后天晴。窗玻璃上还有雨滴。低饱和度，浅景深，暖色调，温馨氛围。初始帧中小蘑菇占比画面六分之一，全程不要超过1/4，竖屏9:16。

0-3s（中景｜固定）：秃秃趴在窗台上——看到窗外雨停了出太阳了。它站起来贴着窗玻璃往外看——透过雨滴看外面亮了（趴着→看到放晴站起来→贴窗看）。音效：站起来声，贴窗声。

3-7s（中景｜固定）：秃秃看到窗外有彩虹——整个人眼睛亮了！它用小短手在窗玻璃上沿着彩虹的弧度描了一下——描了半个弧线手够不到了踮脚（发现彩虹眼睛亮→描彩虹弧度→够不到踮脚）。音效：描玻璃吱声，踮脚声。

7-10s（中景｜固定）：秃秃转过身面对镜头——使劲指着窗外让你看。它一边指一边蹦——怕你没看到（转身指给你看→蹦着让你注意的着急分享）。音效：指声，蹦声。

10-13s（中景｜固定）：秃秃坐在窗台上看着窗外的彩虹——它把一只小短手搭在镜头方向——像在拉着你一起看。画面定格（笑着（没有牙），和你一起看彩虹的温暖）。音效：安静，远处鸟叫。

重要：手部为圆润连指形态无分节，不说人话，偶尔可发出嘟嘟形声词。只要音效，不要背景音乐，不要字幕。"
没牙v2_给你唱首歌.mp4,给你唱首歌,人类世界,不限,不限,开心→期待,唱歌/听歌/来一首,唱歌 听歌 来一首 唱个歌,秃秃拿石子当话筒唱嘟嘟歌，最后递给你,"图片1：秃秃参考图。4厘米微缩蘑菇角色（秃秃），没有牙齿，没有尾巴。红色波点蘑菇帽，奶白色圆润身体，圆润小短手像连指手套无分节。张嘴时没有牙齿。初始帧中小蘑菇占比画面六分之一，全程不要超过1/4。

场景：桌面上秃秃站在中央，旁边有一颗小石子当话筒。低饱和度，浅景深，暖色调，温馨氛围。初始帧中小蘑菇占比画面六分之一，全程不要超过1/4，竖屏9:16。

0-3s（中景｜固定）：秃秃捡起小石子举到嘴巴前面当话筒。清了清嗓子——身体挺直很正式的样子。看向镜头点了点头——表演开始（认真准备的严肃）。音效：捡石子声，清嗓极轻声。

3-7s（中景｜固定）：秃秃开始唱——只会发出嘟嘟声。它一边唱一边左右摇摆，很有节奏感。唱到高音的时候踮脚仰头，唱到低音的时候蹲下来。石子话筒举得很认真（笑着，投入唱歌的快乐）。音效：嘟嘟♪嘟嘟嘟♪有旋律有节奏，身体摇摆声。

7-10s（中景｜固定）：唱到激动处——秃秃开始加动作，一只手举话筒一只手指向镜头。然后转了一个圈——帽子差点飞了赶紧按住——继续唱没停（笑着，投入→帽子飞慌了一下→继续唱的敬业）。音效：嘟嘟♪继续，转圈声，按帽子声。

10-13s（中景｜固定）：秃秃唱完最后一个长音拖了很长。它弯腰鞠躬，然后把石子话筒双手递向镜头——该你唱了。画面定格（笑着，邀请互动的期待）。音效：嘟～～长音，鞠躬声。

重要：手部为圆润连指形态无分节，不说人话，偶尔可发出嘟嘟形声词。只要音效，不要背景音乐，不要字幕。"
没牙版_偷偷给你画了一幅画.mp4,偷偷给你画了一幅画,人类世界,不限,不限,认真→期待,画画/送你的/给你看,画画 送你 给你看 画了个东西,秃秃用蜡笔画了你和它，举到镜头前鞠躬,"图片1：秃秃角色参考图。图片2：秃秃张嘴时的参考图，张嘴的嘴部细节参考图2中的嘴。4厘米微缩蘑菇角色（秃秃），没有牙齿，没有尾巴。红色波点蘑菇帽，奶白色圆润身体，圆润小短手像连指手套无分节。张嘴时没有牙齿。初始帧中小蘑菇占比画面六分之一，全程不要超过1/4。

场景：桌面上，秃秃面前有一片白纸和几根蜡笔，蜡笔比它胳膊粗。低饱和度，浅景深，暖色调，温馨氛围。初始帧中小蘑菇占比画面六分之一，全程不要超过1/4，竖屏9:16。

0-3s（中景｜固定）：秃秃抱着一根红色蜡笔在纸上使劲画——蜡笔太重了它整个身体跟着蜡笔歪。画了一个歪歪的圆形。它停下来看了看——不太满意摇摇头（好奇认真画→看成品不满足摇头）。音效：蜡笔在纸上沙沙声，摇头声。

3-7s（中景｜固定）：秃秃换了根蓝色蜡笔继续画。画着画着越来越认真，趴在纸上脸贴着纸画细节。画完了退后看——纸上画了一个大大的笑脸和一个小小的蘑菇在旁边（认真趴着画→退后审视→点头满意）。音效：蜡笔声，趴下声。

7-10s（中景｜固定）：秃秃小心翼翼把画举起来——画比它大好几倍，它抱着摇摇晃晃走向镜头。走到镜头前把画面对镜头展示——画上那个笑脸就是""你""，旁边的蘑菇是""它""（笑着（没有牙），费力举画→走向镜头展示的期待）。音效：举画声，走路摇晃声。

10-13s（中景｜固定）：秃秃举着画等着你的反应——歪头看镜头。然后它把画轻轻放在镜头前面——用小短手把画的边角压平整。退后一步对着镜头鞠了个躬（笑着（没有牙），等反应的小心翼翼→鞠躬的认真）。画面定格。音效：放画声，压平声，鞠躬声。

重要：手部为圆润连指形态无分节，不说人话，偶尔可发出嘟嘟形声词。只要音效，不要背景音乐，不要字幕。"
没牙版_把你的戒指当呼啦圈.mp4,把你的戒指当呼啦圈,人类世界,不限,不限,好奇→开心,,戒指 呼啦圈 转 扭腰 好玩,秃秃把戒指当呼啦圈扭腰转，掉下来提回去继续转,"图片1：秃秃角色参考图。图片2：秃秃张嘴时的参考图，张嘴的嘴部细节参考图2中的嘴。4厘米微缩蘑菇角色（秃秃），没有牙齿，没有尾巴。红色波点蘑菇帽，奶白色圆润身体，圆润小短手像连指手套无分节。张嘴时没有牙齿。初始帧中小蘑菇占比画面六分之一，全程不要超过1/4。

场景：桌面上一枚戒指平放着，圆环比秃秃腰围大一圈。低饱和度，浅景深，暖色调，温馨氛围。初始帧中小蘑菇占比画面六分之一，全程不要超过1/4，竖屏9:16。

0-3s（中景｜固定）：秃秃蹲在戒指旁边打量——闪闪发亮的。它把戒指立起来——从戒指圆环中间看过去看镜头（好奇打量→透过戒指看镜头的好玩）。音效：戒指竖起叮声。

3-7s（中景｜固定）：秃秃钻进戒指圆环里——戒指卡在腰上刚好。它开始扭腰——让戒指在腰间转起来！像呼啦圈一样！秃秃扭得很用力身体duang duang晃，戒指在腰间闪闪转（笑着（没有牙），钻进去→扭腰转的开心使劲）。音效：戒指转声叮叮，扭腰声，duang声。

7-10s（中景｜固定）：转着转着戒指往下滑了——滑到脚踝——秃秃被绊了一下差点摔倒。它赶紧弯腰把戒指提回腰上继续转（戒指滑下来→差点摔→提回来继续的倔强）。音效：滑下声，差点摔声，提回去声。

10-13s（中景｜固定）：秃秃转累了停下来——戒指在腰间慢慢停住。它从戒指里钻出来把戒指放好，拍了拍手看向镜头——得意地对你歪头——你的戒指被我玩了。画面定格（笑着（没有牙），得意炫耀的搞笑）。音效：停下来声，钻出来声，放好叮声。

重要：手部为圆润连指形态无分节，不说人话，偶尔可发出嘟嘟形声词。只要音效，不要背景音乐，不要字幕。"
没牙版_第一次见到你.mp4,第一次见到你,人类世界,不限,不限,好奇→害羞→开心,你好/初次见面/认识一下,你好 初次见面 认识一下 嗨,秃秃从画面边缘探头看你，慢慢走出来害羞挥手,"图片1是小蘑菇角色形象参考。微缩场景，小蘑菇只有4cm高，构图中近景，角色不要太大不要超过画面三分之一。场景：明亮的桌面上，画面中央空旷。蘑菇角色从画面边缘慢慢走进来。微距浅景深。角色没有手指和牙齿。

0-3s：蘑菇角色从画面右边缘慢慢探出帽子——先露出帽顶——再多一点——露出两只眼睛——看向镜头。它停了两秒——像在观察这个从没见过的存在（用户）。角色没有手指和牙齿。音效：安静，慢慢探出极轻声，看镜头安静一拍，""嘟？""极轻好奇。

3-7s：蘑菇角色慢慢从画面边缘走出来——完整出现了。它站在画面中央，仰头看镜头（看用户）。歪头——左——右——好奇地打量。然后它做了一个很小很慢的挥手动作——小短手慢慢抬起来——慢慢左右挥了一下——像第一次跟人打招呼不确定对方会不会回应。角色没有手指和牙齿。音效：走出来碎步声慢，仰头看歪头""嘟？嘟？""，慢慢挥手""嘟……嘟""试探。

7-10s：蘑菇角色挥了手——等了一秒——好像得到了回应（它觉得得到了）。它的眼睛突然亮了——嘴角翘起来——又挥了一次手这次快了很多。然后它鞠了一个很认真的大躬——弯腰的时候帽子碰到了地面。角色没有手指和牙齿。音效：等一秒安静，眼睛亮""嘟！！""开心，挥手更快""嘟嘟♪！""，鞠躬帽子碰地叮声。

10-13s：蘑菇角色直起来——脸上是最纯的开心表情。它用小短手指了指自己——""嘟！""意思是""我是秃秃""。然后指了指镜头——""嘟嘟！""意思是""你是谁呀""。最后它两只手合在一起——对着镜头微微低头——像在说""认识你很开心""。画面定格在这个小小的致意。音效：指自己""嘟！""，指镜头""嘟嘟！""，双手合""嘟～""极轻极真诚。只要音效，不要背景音乐，不要字幕。注意：小蘑菇没有牙齿、没有舌头、没有眉毛。"
没牙版_给你唱首歌.mp4,给你唱首歌,人类世界,不限,不限,开心→期待,唱歌/听歌/来一首,唱歌 听歌 来一首 唱个歌,秃秃拿石子当话筒唱嘟嘟歌，最后递给你,"图片1：秃秃参考图。4厘米微缩蘑菇角色（秃秃），没有牙齿，没有尾巴。红色波点蘑菇帽，奶白色圆润身体，圆润小短手像连指手套无分节。张嘴时没有牙齿。初始帧中小蘑菇占比画面六分之一，全程不要超过1/4。

场景：桌面上秃秃站在中央，旁边有一颗小石子当话筒。低饱和度，浅景深，暖色调，温馨氛围。初始帧中小蘑菇占比画面六分之一，全程不要超过1/4，竖屏9:16。

0-3s（中景｜固定）：秃秃捡起小石子举到嘴巴前面当话筒。清了清嗓子——身体挺直很正式的样子。看向镜头点了点头——表演开始（认真准备的严肃）。音效：捡石子声，清嗓极轻声。

3-7s（中景｜固定）：秃秃开始唱——只会发出嘟嘟声。它一边唱一边左右摇摆，很有节奏感。唱到高音的时候踮脚仰头，唱到低音的时候蹲下来。石子话筒举得很认真（笑着，投入唱歌的快乐）。音效：嘟嘟♪嘟嘟嘟♪有旋律有节奏，身体摇摆声。

7-10s（中景｜固定）：唱到激动处——秃秃开始加动作，一只手举话筒一只手指向镜头。然后转了一个圈——帽子差点飞了赶紧按住——继续唱没停（笑着，投入→帽子飞慌了一下→继续唱的敬业）。音效：嘟嘟♪继续，转圈声，按帽子声。

10-13s（中景｜固定）：秃秃唱完最后一个长音拖了很长。它弯腰鞠躬，然后把石子话筒双手递向镜头——该你唱了。画面定格（笑着，邀请互动的期待）。音效：嘟～～长音，鞠躬声。

重要：手部为圆润连指形态无分节，不说人话，偶尔可发出嘟嘟形声词。只要音效，不要背景音乐，不要字幕。"
没牙版_躺平不想动.mp4,躺平不想动,人类世界,不限,不限,彻底放弃→满足,不想动/emo/有点丧/好累/躺平,不想动 emo 丧 好累 躺平 不想上班,秃秃四肢摊开躺着不想动，举手比个心又放下,"图片1：秃秃角色参考图。图片2：秃秃张嘴时的参考图，张嘴的嘴部细节参考图2中的嘴。4厘米微缩蘑菇角色（秃秃），没有牙齿，没有尾巴。红色波点蘑菇帽，奶白色圆润身体，圆润小短手像连指手套无分节。张嘴时没有牙齿。初始帧中小蘑菇占比画面六分之一，全程不要超过1/4。

场景：桌面上，秃秃仰面躺着四肢摊开。低饱和度，浅景深，暖色调，温馨氛围。初始帧中小蘑菇占比画面六分之一，全程不要超过1/4，竖屏9:16。

0-3s（中景｜固定）：秃秃仰面躺在桌面上，四肢完全摊开，帽子歪了也不管。一动不动地看着天花板（躺平放空）。音效：安静。

3-7s（中景｜固定）：它试着抬一下手——抬了一厘米就放弃了啪掉回去。又试着翻个身——翻了一半又翻回来。完全不想动（试着动→放弃→彻底躺平）。音效：手落回桌面啪声，翻身声。

7-10s（中景｜固定）：秃秃侧头看了一眼镜头——表情就是""今天什么都不想干""。它闭上眼叹了口气（没有牙），帽子随着叹气微微动了一下（看镜头→叹气）。音效：叹气声极轻。

10-13s（中景｜固定）：秃秃还是躺着，但嘴角慢慢上扬了——躺着也挺好的。它举起一只小短手对着镜头比了个心，然后手又啪掉回去。画面定格（笑着（没有牙），躺平也开心）。音效：比心声，手落回啪声。

重要：手部为圆润连指形态无分节，不说人话，偶尔可发出嘟嘟形声词。只要音效，不要背景音乐，不要字幕。"
重新生成/下载_108_108 | 秃秃第一次见到你.mp4,第一次见到你,人类世界,不限,不限,好奇→害羞→开心,你好/初次见面/认识一下,你好 初次见面 认识一下 嗨,秃秃从画面边缘探头看你，慢慢走出来害羞挥手,"图片1是小蘑菇角色形象参考。微缩场景，小蘑菇只有4cm高，构图中近景，角色不要太大不要超过画面三分之一。场景：明亮的桌面上，画面中央空旷。蘑菇角色从画面边缘慢慢走进来。微距浅景深。角色没有手指和牙齿。

0-3s：蘑菇角色从画面右边缘慢慢探出帽子——先露出帽顶——再多一点——露出两只眼睛——看向镜头。它停了两秒——像在观察这个从没见过的存在（用户）。角色没有手指和牙齿。音效：安静，慢慢探出极轻声，看镜头安静一拍，""嘟？""极轻好奇。

3-7s：蘑菇角色慢慢从画面边缘走出来——完整出现了。它站在画面中央，仰头看镜头（看用户）。歪头——左——右——好奇地打量。然后它做了一个很小很慢的挥手动作——小短手慢慢抬起来——慢慢左右挥了一下——像第一次跟人打招呼不确定对方会不会回应。角色没有手指和牙齿。音效：走出来碎步声慢，仰头看歪头""嘟？嘟？""，慢慢挥手""嘟……嘟""试探。

7-10s：蘑菇角色挥了手——等了一秒——好像得到了回应（它觉得得到了）。它的眼睛突然亮了——嘴角翘起来——又挥了一次手这次快了很多。然后它鞠了一个很认真的大躬——弯腰的时候帽子碰到了地面。角色没有手指和牙齿。音效：等一秒安静，眼睛亮""嘟！！""开心，挥手更快""嘟嘟♪！""，鞠躬帽子碰地叮声。

10-13s：蘑菇角色直起来——脸上是最纯的开心表情。它用小短手指了指自己——""嘟！""意思是""我是秃秃""。然后指了指镜头——""嘟嘟！""意思是""你是谁呀""。最后它两只手合在一起——对着镜头微微低头——像在说""认识你很开心""。画面定格在这个小小的致意。音效：指自己""嘟！""，指镜头""嘟嘟！""，双手合""嘟～""极轻极真诚。只要音效，不要背景音乐，不要字幕。注意：小蘑菇没有牙齿、没有舌头、没有眉毛。"
重新生成/下载_153_被阳光晒屁股赖床.mp4,153_被阳光晒屁股赖床,秃秃自己家,早晨,不限,困→满足,起床/不想起/赖床/周一,起床 不想起 赖床 闹钟 再睡会,秃秃被阳光晒醒翻身继续睡，就地趴地板上,"图片1：秃秃参考图。4厘米微缩蘑菇角色（秃秃），没有牙齿，没有尾巴。红色波点蘑菇帽，奶白色圆润身体，圆润小短手像连指手套无分节。张嘴时没有牙齿。初始帧中小蘑菇占比画面六分之一，全程不要超过1/4。图片2-5：秃秃蘑菇小屋的场景参考图（卧室、客厅+卧室、玄关、游戏室），场景风格、家具、配色请参考这些图片。

场景：蘑菇小屋卧室（参考图片2），早晨。秃秃趴睡着，叶子被子只盖到腰。低饱和度，浅景深，暖色调，温馨氛围。初始帧中小蘑菇占比画面六分之一，全程不要超过1/4，竖屏9:16。

0-3s（中景｜固定）：阳光光斑慢慢移到秃秃屁股上，它扭了扭身体想躲开，帽子压在脸下面（嘴巴闭合，迷糊中微皱眉）。音效：叶子被子沙沙声。

3-7s（中景｜固定）：光斑继续移到背上越来越热。秃秃整个人翻了个身想躲——翻过头掉到床下面，duang弹了一下坐在地板上（嘴巴闭合，被热醒的烦→掉下去的惊）。音效：翻身沙声，掉下duang声。

7-10s（中景｜固定）：坐在地板上发呆三秒，帽子歪到后面。慢慢低头看自己在地上，又抬头看床上的阳光光斑。不想起来（嘴巴闭合微撅，困且不情愿）。音效：安静，远处鸟叫。

10-13s（中景｜固定）：秃秃就地躺回地板上继续睡——地板凉舒服。抱着帽子蜷起来。望向镜头眨了下眼又闭上（嘴巴闭合微微上扬，放弃挣扎的满足）。音效：趴下噗声，呼吸渐均匀。

重要：手部为圆润连指形态无分节，不说人话，偶尔可发出嘟嘟形声词。只要音效，不要背景音乐，不要字幕。"
重新生成/下载_F14_给你唱首歌.mp4,给你唱首歌,人类世界,不限,不限,开心→期待,唱歌/听歌/来一首,唱歌 听歌 来一首 唱个歌,秃秃拿石子当话筒唱嘟嘟歌，最后递给你,"图片1：秃秃参考图。4厘米微缩蘑菇角色（秃秃），没有牙齿，没有尾巴。红色波点蘑菇帽，奶白色圆润身体，圆润小短手像连指手套无分节。张嘴时没有牙齿。初始帧中小蘑菇占比画面六分之一，全程不要超过1/4。

场景：桌面上秃秃站在中央，旁边有一颗小石子当话筒。低饱和度，浅景深，暖色调，温馨氛围。初始帧中小蘑菇占比画面六分之一，全程不要超过1/4，竖屏9:16。

0-3s（中景｜固定）：秃秃捡起小石子举到嘴巴前面当话筒。清了清嗓子——身体挺直很正式的样子。看向镜头点了点头——表演开始（认真准备的严肃）。音效：捡石子声，清嗓极轻声。

3-7s（中景｜固定）：秃秃开始唱——只会发出嘟嘟声。它一边唱一边左右摇摆，很有节奏感。唱到高音的时候踮脚仰头，唱到低音的时候蹲下来。石子话筒举得很认真（笑着，投入唱歌的快乐）。音效：嘟嘟♪嘟嘟嘟♪有旋律有节奏，身体摇摆声。

7-10s（中景｜固定）：唱到激动处——秃秃开始加动作，一只手举话筒一只手指向镜头。然后转了一个圈——帽子差点飞了赶紧按住——继续唱没停（笑着，投入→帽子飞慌了一下→继续唱的敬业）。音效：嘟嘟♪继续，转圈声，按帽子声。

10-13s（中景｜固定）：秃秃唱完最后一个长音拖了很长。它弯腰鞠躬，然后把石子话筒双手递向镜头——该你唱了。画面定格（笑着，邀请互动的期待）。音效：嘟～～长音，鞠躬声。

重要：手部为圆润连指形态无分节，不说人话，偶尔可发出嘟嘟形声词。只要音效，不要背景音乐，不要字幕。"
重新生成/人类世界-举小旗给你加油.mp4,举小旗给你加油,人类世界,不限,不限,认真→坚定,考试加油/面试加油/加油/你可以的,加油 考试 面试 你可以的 紧张,秃秃举旗使劲挥，手抖也不放，拍胸口鼓励你,"图片1：秃秃角色参考图。图片2：秃秃张嘴时的参考图，张嘴的嘴部细节参考图2中的嘴。4厘米微缩蘑菇角色（秃秃），没有牙齿，没有尾巴。红色波点蘑菇帽，奶白色圆润身体，圆润小短手像连指手套无分节。张嘴时没有牙齿。初始帧中小蘑菇占比画面六分之一，全程不要超过1/4。

场景：桌面上，秃秃举着一根牙签上面插着一小片纸当旗子。低饱和度，浅景深，暖色调，温馨氛围。初始帧中小蘑菇占比画面六分之一，全程不要超过1/4，竖屏9:16。

0-3s（中景｜固定）：秃秃双手举着比它高的小旗子，使劲挥——旗子太大带着它摇晃。它稳住身体继续挥（好奇认真挥旗→被旗子带着晃但不放手）。音效：挥旗呼呼声，身体晃声。

3-7s（中景｜固定）：秃秃一边挥旗一边原地踏步——像啦啦队。它看着镜头使劲挥，越挥越快，帽子都歪了（笑着（没有牙），拼命给你加油）。音效：踏步哒哒声，挥旗声加快。

7-10s（中景｜固定）：旗子太重了——秃秃的手开始抖。但它咬着嘴不放（没有牙），使劲撑着继续挥。表情很倔强不肯放下（手抖但不放→紧张倔强撑着）。音效：手抖声，撑着声。

10-13s（中景｜固定）：秃秃终于把旗子插在旁边立住了。它走到镜头前面，用小短手使劲拍了拍自己的胸口——duang弹了两下。意思是""你可以的我相信你""。画面定格（笑着（没有牙），拍胸口的坚定鼓励）。音效：拍胸口duang声。

重要：手部为圆润连指形态无分节，不说人话，偶尔可发出嘟嘟形声词。只要音效，不要背景音乐，不要字幕。"
重新生成/人类世界-你加班它在旁边打盹等你.mp4,你加班它在旁边打盹等你,人类世界,夜晚,不限,困但坚持,加班/好累/还在工作/辛苦了,加班 好累 还在工作 辛苦了 陪我加班,秃秃靠着键盘边打瞌睡，手搭着不肯走，陪你到最后,"图片1：秃秃角色参考图。图片2：秃秃张嘴时的参考图，张嘴的嘴部细节参考图2中的嘴。4厘米微缩蘑菇角色（秃秃），没有牙齿，没有尾巴。红色波点蘑菇帽，奶白色圆润身体，圆润小短手像连指手套无分节。张嘴时没有牙齿。初始帧中小蘑菇占比画面六分之一，全程不要超过1/4。

场景：书桌上，键盘旁边。秃秃靠着键盘边缘坐着。台灯暖光。低饱和度，浅景深，暖色调，温馨氛围。初始帧中小蘑菇占比画面六分之一，全程不要超过1/4，竖屏9:16。

0-3s（中景｜固定）：秃秃靠着键盘边缘坐着，抬头看着镜头方向——你在打字工作。它安安静静坐着陪着，偶尔脑袋跟着你打字的节奏左右轻轻转（安静陪伴→脑袋跟着打字节奏转的可爱）。音效：键盘打字声持续，安静。

3-7s（中景｜固定）：秃秃等着等着——打了个小哈欠（没有牙）。它使劲睁眼想保持清醒——眼皮越来越重。头往前一点一点栽——猛抬头——又栽（打哈欠→使劲睁眼→打瞌睡反复的困→不想睡想陪你）。音效：哈欠声，打字声持续。

7-10s（中景｜固定）：秃秃终于撑不住了——头靠在键盘侧面，身体慢慢滑下去。它蜷在键盘旁边闭上了眼——但一只小短手还搭在键盘边缘上，像在说""我没睡我还在陪你""（靠着键盘滑下去→闭眼但手还搭着的坚持陪伴）。音效：靠下去声，安静，呼吸渐均匀。

10-13s（中景｜固定）：打字声停了——秃秃的小短手感觉到键盘不动了，它迷迷糊糊半睁眼看了一下镜头——你忙完了？嘴角微微上扬又闭上了。画面定格在它蜷在键盘旁安睡的温暖画面（迷糊半睁眼→确认你还在→安心闭眼）。音效：打字声停，极轻的嘟～。

重要：手部为圆润连指形态无分节，不说人话，偶尔可发出嘟嘟形声词。只要音效，不要背景音乐，不要字幕。"
重新生成/人类世界-替你开心蹦跳.mp4,替你开心蹦跳,人类世界,不限,不限,开心,升职了/发工资了/有好事/太棒了,升职了 发工资了 有好事 太棒了 好消息,秃秃替你鼓掌蹦跳庆祝，帽子歪了也不管,"图片1：秃秃角色参考图。图片2：秃秃张嘴时的参考图，张嘴的嘴部细节参考图2中的嘴。4厘米微缩蘑菇角色（秃秃），没有牙齿，没有尾巴。红色波点蘑菇帽，奶白色圆润身体，圆润小短手像连指手套无分节。张嘴时没有牙齿。初始帧中小蘑菇占比画面六分之一，全程不要超过1/4。

场景：桌面上，秃秃站在中央。低饱和度，浅景深，暖色调，温馨氛围。初始帧中小蘑菇占比画面六分之一，全程不要超过1/4，竖屏9:16。

0-3s（中景｜固定）：秃秃看向镜头——突然双手举过头顶使劲鼓掌（小短手啪啪啪拍但声音很小）。整个身体跟着拍手duang duang弹（笑着（没有牙），替你开心使劲鼓掌）。音效：小手鼓掌啪啪声，duang弹声。

3-7s（中景｜固定）：秃秃开始原地蹦跳——越蹦越高，帽子跟着颤。它一边蹦一边朝镜头竖大拇指（笑着（没有牙），蹦跳替你庆祝）。音效：蹦跳duang声，嘟嘟♪开心哼唱。

7-10s（中景｜固定）：蹦得太猛——最后一跳帽子飞了。秃秃光着头愣了一秒，赶紧捡帽子戴回去——歪了也不管继续蹦（帽子飞了→捡回来→继续蹦的敬业）。音效：帽子飞声，捡声，继续蹦声。

10-13s（中景｜固定）：秃秃停下来喘气，对着镜头张开小短手——意思是""来抱一个庆祝""。画面定格（笑着（没有牙），张手要抱的期待）。音效：喘气声。

重要：手部为圆润连指形态无分节，不说人话，偶尔可发出嘟嘟形声词。只要音效，不要背景音乐，不要字幕。"
重新生成/人类世界-躺平不想动.mp4,躺平不想动,人类世界,不限,不限,彻底放弃→满足,不想动/emo/有点丧/好累/躺平,不想动 emo 丧 好累 躺平 不想上班,秃秃四肢摊开躺着不想动，举手比个心又放下,"图片1：秃秃角色参考图。图片2：秃秃张嘴时的参考图，张嘴的嘴部细节参考图2中的嘴。4厘米微缩蘑菇角色（秃秃），没有牙齿，没有尾巴。红色波点蘑菇帽，奶白色圆润身体，圆润小短手像连指手套无分节。张嘴时没有牙齿。初始帧中小蘑菇占比画面六分之一，全程不要超过1/4。

场景：桌面上，秃秃仰面躺着四肢摊开。低饱和度，浅景深，暖色调，温馨氛围。初始帧中小蘑菇占比画面六分之一，全程不要超过1/4，竖屏9:16。

0-3s（中景｜固定）：秃秃仰面躺在桌面上，四肢完全摊开，帽子歪了也不管。一动不动地看着天花板（躺平放空）。音效：安静。

3-7s（中景｜固定）：它试着抬一下手——抬了一厘米就放弃了啪掉回去。又试着翻个身——翻了一半又翻回来。完全不想动（试着动→放弃→彻底躺平）。音效：手落回桌面啪声，翻身声。

7-10s（中景｜固定）：秃秃侧头看了一眼镜头——表情就是""今天什么都不想干""。它闭上眼叹了口气（没有牙），帽子随着叹气微微动了一下（看镜头→叹气）。音效：叹气声极轻。

10-13s（中景｜固定）：秃秃还是躺着，但嘴角慢慢上扬了——躺着也挺好的。它举起一只小短手对着镜头比了个心，然后手又啪掉回去。画面定格（笑着（没有牙），躺平也开心）。音效：比心声，手落回啪声。

重要：手部为圆润连指形态无分节，不说人话，偶尔可发出嘟嘟形声词。只要音效，不要背景音乐，不要字幕。"
重新生成/没牙v2_举小旗给你加油.mp4,举小旗给你加油,人类世界,不限,不限,认真→坚定,考试加油/面试加油/加油/你可以的,加油 考试 面试 你可以的 紧张,秃秃举旗使劲挥，手抖也不放，拍胸口鼓励你,"图片1：秃秃角色参考图。图片2：秃秃张嘴时的参考图，张嘴的嘴部细节参考图2中的嘴。4厘米微缩蘑菇角色（秃秃），没有牙齿，没有尾巴。红色波点蘑菇帽，奶白色圆润身体，圆润小短手像连指手套无分节。张嘴时没有牙齿。初始帧中小蘑菇占比画面六分之一，全程不要超过1/4。

场景：桌面上，秃秃举着一根牙签上面插着一小片纸当旗子。低饱和度，浅景深，暖色调，温馨氛围。初始帧中小蘑菇占比画面六分之一，全程不要超过1/4，竖屏9:16。

0-3s（中景｜固定）：秃秃双手举着比它高的小旗子，使劲挥——旗子太大带着它摇晃。它稳住身体继续挥（好奇认真挥旗→被旗子带着晃但不放手）。音效：挥旗呼呼声，身体晃声。

3-7s（中景｜固定）：秃秃一边挥旗一边原地踏步——像啦啦队。它看着镜头使劲挥，越挥越快，帽子都歪了（笑着（没有牙），拼命给你加油）。音效：踏步哒哒声，挥旗声加快。

7-10s（中景｜固定）：旗子太重了——秃秃的手开始抖。但它咬着嘴不放（没有牙），使劲撑着继续挥。表情很倔强不肯放下（手抖但不放→紧张倔强撑着）。音效：手抖声，撑着声。

10-13s（中景｜固定）：秃秃终于把旗子插在旁边立住了。它走到镜头前面，用小短手使劲拍了拍自己的胸口——duang弹了两下。意思是""你可以的我相信你""。画面定格（笑着（没有牙），拍胸口的坚定鼓励）。音效：拍胸口duang声。

重要：手部为圆润连指形态无分节，不说人话，偶尔可发出嘟嘟形声词。只要音效，不要背景音乐，不要字幕。"
重新生成/没牙版_举小旗给你加油.mp4,举小旗给你加油,人类世界,不限,不限,认真→坚定,考试加油/面试加油/加油/你可以的,加油 考试 面试 你可以的 紧张,秃秃举旗使劲挥，手抖也不放，拍胸口鼓励你,"图片1：秃秃角色参考图。图片2：秃秃张嘴时的参考图，张嘴的嘴部细节参考图2中的嘴。4厘米微缩蘑菇角色（秃秃），没有牙齿，没有尾巴。红色波点蘑菇帽，奶白色圆润身体，圆润小短手像连指手套无分节。张嘴时没有牙齿。初始帧中小蘑菇占比画面六分之一，全程不要超过1/4。

场景：桌面上，秃秃举着一根牙签上面插着一小片纸当旗子。低饱和度，浅景深，暖色调，温馨氛围。初始帧中小蘑菇占比画面六分之一，全程不要超过1/4，竖屏9:16。

0-3s（中景｜固定）：秃秃双手举着比它高的小旗子，使劲挥——旗子太大带着它摇晃。它稳住身体继续挥（好奇认真挥旗→被旗子带着晃但不放手）。音效：挥旗呼呼声，身体晃声。

3-7s（中景｜固定）：秃秃一边挥旗一边原地踏步——像啦啦队。它看着镜头使劲挥，越挥越快，帽子都歪了（笑着（没有牙），拼命给你加油）。音效：踏步哒哒声，挥旗声加快。

7-10s（中景｜固定）：旗子太重了——秃秃的手开始抖。但它咬着嘴不放（没有牙），使劲撑着继续挥。表情很倔强不肯放下（手抖但不放→紧张倔强撑着）。音效：手抖声，撑着声。

10-13s（中景｜固定）：秃秃终于把旗子插在旁边立住了。它走到镜头前面，用小短手使劲拍了拍自己的胸口——duang弹了两下。意思是""你可以的我相信你""。画面定格（笑着（没有牙），拍胸口的坚定鼓励）。音效：拍胸口duang声。

重要：手部为圆润连指形态无分节，不说人话，偶尔可发出嘟嘟形声词。只要音效，不要背景音乐，不要字幕。"
重新生成/没牙版_你加班它在旁边打盹等你.mp4,你加班它在旁边打盹等你,人类世界,夜晚,不限,困但坚持,加班/好累/还在工作/辛苦了,加班 好累 还在工作 辛苦了 陪我加班,秃秃靠着键盘边打瞌睡，手搭着不肯走，陪你到最后,"图片1：秃秃角色参考图。图片2：秃秃张嘴时的参考图，张嘴的嘴部细节参考图2中的嘴。4厘米微缩蘑菇角色（秃秃），没有牙齿，没有尾巴。红色波点蘑菇帽，奶白色圆润身体，圆润小短手像连指手套无分节。张嘴时没有牙齿。初始帧中小蘑菇占比画面六分之一，全程不要超过1/4。

场景：书桌上，键盘旁边。秃秃靠着键盘边缘坐着。台灯暖光。低饱和度，浅景深，暖色调，温馨氛围。初始帧中小蘑菇占比画面六分之一，全程不要超过1/4，竖屏9:16。

0-3s（中景｜固定）：秃秃靠着键盘边缘坐着，抬头看着镜头方向——你在打字工作。它安安静静坐着陪着，偶尔脑袋跟着你打字的节奏左右轻轻转（安静陪伴→脑袋跟着打字节奏转的可爱）。音效：键盘打字声持续，安静。

3-7s（中景｜固定）：秃秃等着等着——打了个小哈欠（没有牙）。它使劲睁眼想保持清醒——眼皮越来越重。头往前一点一点栽——猛抬头——又栽（打哈欠→使劲睁眼→打瞌睡反复的困→不想睡想陪你）。音效：哈欠声，打字声持续。

7-10s（中景｜固定）：秃秃终于撑不住了——头靠在键盘侧面，身体慢慢滑下去。它蜷在键盘旁边闭上了眼——但一只小短手还搭在键盘边缘上，像在说""我没睡我还在陪你""（靠着键盘滑下去→闭眼但手还搭着的坚持陪伴）。音效：靠下去声，安静，呼吸渐均匀。

10-13s（中景｜固定）：打字声停了——秃秃的小短手感觉到键盘不动了，它迷迷糊糊半睁眼看了一下镜头——你忙完了？嘴角微微上扬又闭上了。画面定格在它蜷在键盘旁安睡的温暖画面（迷糊半睁眼→确认你还在→安心闭眼）。音效：打字声停，极轻的嘟～。

重要：手部为圆润连指形态无分节，不说人话，偶尔可发出嘟嘟形声词。只要音效，不要背景音乐，不要字幕。"
重新生成/没牙版_发现你哭了想逗你笑.mp4,发现你哭了想逗你笑,人类世界,不限,不限,担心→卖力,心情不好/不开心/哭了/难过,心情不好 不开心 哭了 难过 安慰我,秃秃做鬼脸转圈故意倒地，拍胸口说有我在,"图片1：秃秃角色参考图。图片2：秃秃张嘴时的参考图，张嘴的嘴部细节参考图2中的嘴。4厘米微缩蘑菇角色（秃秃），没有牙齿，没有尾巴。红色波点蘑菇帽，奶白色圆润身体，圆润小短手像连指手套无分节。张嘴时没有牙齿。初始帧中小蘑菇占比画面六分之一，全程不要超过1/4。

场景：桌面上，秃秃站在镜头前方。低饱和度，浅景深，暖色调，温馨氛围。初始帧中小蘑菇占比画面六分之一，全程不要超过1/4，竖屏9:16。

0-3s（中景｜固定）：秃秃看着镜头——发现你不开心了。它的表情从开心变成担心，歪头看了看，小短手搓了搓——在想办法（开心→发现你不开心→担心搓手想办法）。音效：安静，搓手声。

3-7s（中景｜固定）：秃秃突然开始做鬼脸——用小短手把帽子拉下来遮住脸，然后突然松开帽子弹回去露出夸张的表情（没有牙）。又把帽子拉下来——松开——反复三次越来越快（做鬼脸逗你笑→越来越卖力）。音效：帽子拉下沙声，弹回duang声，反复。

7-10s（中景｜固定）：鬼脸没用——秃秃想了想，开始原地转圈转得头晕。转完站不稳歪来歪去——故意倒在地上duang弹了一下四脚朝天。从地上仰头看镜头——你笑了吗？（转圈→故意倒地的卖力→仰头看你的期待）。音效：转圈声，倒地duang声，嘟嘟？期待。

10-13s（中景｜固定）：秃秃从地上爬起来走到镜头最近处——伸出两只小短手轻轻碰了碰镜头。然后退后一步，拍了拍自己的胸口——拍得身体duang弹了两下。意思是""有我在""。画面定格（笑着（没有牙），拍胸口的温暖坚定）。音效：碰镜头极轻声，拍胸口duang声。

重要：手部为圆润连指形态无分节，不说人话，偶尔可发出嘟嘟形声词。只要音效，不要背景音乐，不要字幕。"
重新生成/没牙版_替你开心蹦跳.mp4,替你开心蹦跳,人类世界,不限,不限,开心,升职了/发工资了/有好事/太棒了,升职了 发工资了 有好事 太棒了 好消息,秃秃替你鼓掌蹦跳庆祝，帽子歪了也不管,"图片1：秃秃角色参考图。图片2：秃秃张嘴时的参考图，张嘴的嘴部细节参考图2中的嘴。4厘米微缩蘑菇角色（秃秃），没有牙齿，没有尾巴。红色波点蘑菇帽，奶白色圆润身体，圆润小短手像连指手套无分节。张嘴时没有牙齿。初始帧中小蘑菇占比画面六分之一，全程不要超过1/4。

场景：桌面上，秃秃站在中央。低饱和度，浅景深，暖色调，温馨氛围。初始帧中小蘑菇占比画面六分之一，全程不要超过1/4，竖屏9:16。

0-3s（中景｜固定）：秃秃看向镜头——突然双手举过头顶使劲鼓掌（小短手啪啪啪拍但声音很小）。整个身体跟着拍手duang duang弹（笑着（没有牙），替你开心使劲鼓掌）。音效：小手鼓掌啪啪声，duang弹声。

3-7s（中景｜固定）：秃秃开始原地蹦跳——越蹦越高，帽子跟着颤。它一边蹦一边朝镜头竖大拇指（笑着（没有牙），蹦跳替你庆祝）。音效：蹦跳duang声，嘟嘟♪开心哼唱。

7-10s（中景｜固定）：蹦得太猛——最后一跳帽子飞了。秃秃光着头愣了一秒，赶紧捡帽子戴回去——歪了也不管继续蹦（帽子飞了→捡回来→继续蹦的敬业）。音效：帽子飞声，捡声，继续蹦声。

10-13s（中景｜固定）：秃秃停下来喘气，对着镜头张开小短手——意思是""来抱一个庆祝""。画面定格（笑着（没有牙），张手要抱的期待）。音效：喘气声。

重要：手部为圆润连指形态无分节，不说人话，偶尔可发出嘟嘟形声词。只要音效，不要背景音乐，不要字幕。"
重新生成/没牙版_被阳光晒屁股赖床.mp4,被阳光晒屁股赖床,秃秃自己家,早晨,不限,困→满足,起床/不想起/赖床/周一,起床 不想起 赖床 闹钟 再睡会,秃秃被阳光晒醒翻身继续睡，就地趴地板上,"图片1：秃秃参考图。4厘米微缩蘑菇角色（秃秃），没有牙齿，没有尾巴。红色波点蘑菇帽，奶白色圆润身体，圆润小短手像连指手套无分节。张嘴时没有牙齿。初始帧中小蘑菇占比画面六分之一，全程不要超过1/4。图片2-5：秃秃蘑菇小屋的场景参考图（卧室、客厅+卧室、玄关、游戏室），场景风格、家具、配色请参考这些图片。

场景：蘑菇小屋卧室（参考图片2），早晨。秃秃趴睡着，叶子被子只盖到腰。低饱和度，浅景深，暖色调，温馨氛围。初始帧中小蘑菇占比画面六分之一，全程不要超过1/4，竖屏9:16。

0-3s（中景｜固定）：阳光光斑慢慢移到秃秃屁股上，它扭了扭身体想躲开，帽子压在脸下面（嘴巴闭合，迷糊中微皱眉）。音效：叶子被子沙沙声。

3-7s（中景｜固定）：光斑继续移到背上越来越热。秃秃整个人翻了个身想躲——翻过头掉到床下面，duang弹了一下坐在地板上（嘴巴闭合，被热醒的烦→掉下去的惊）。音效：翻身沙声，掉下duang声。

7-10s（中景｜固定）：坐在地板上发呆三秒，帽子歪到后面。慢慢低头看自己在地上，又抬头看床上的阳光光斑。不想起来（嘴巴闭合微撅，困且不情愿）。音效：安静，远处鸟叫。

10-13s（中景｜固定）：秃秃就地躺回地板上继续睡——地板凉舒服。抱着帽子蜷起来。望向镜头眨了下眼又闭上（嘴巴闭合微微上扬，放弃挣扎的满足）。音效：趴下噗声，呼吸渐均匀。

重要：手部为圆润连指形态无分节，不说人话，偶尔可发出嘟嘟形声词。只要音效，不要背景音乐，不要字幕。"
0417_人类世界_偷喝你的奶茶_表情版.mp4,偷喝你的奶茶,人类世界,,,,,,,
0417_人类世界_发现蒲公英坐上去飘走了.mp4,发现蒲公英坐上去飘走了,人类世界,,,,,,,
0417_人类世界_在书上睡着流口水被自己吓到.mp4,在书上睡着流口水被自己吓到,人类世界,,,,,,,
0417_人类世界_在你手心里睡着了.mp4,在你手心里睡着了,人类世界,,,,,,,
0417_人类世界_在你手心里睡着了_表情版.mp4,在你手心里睡着了,人类世界,,,,,,,
0417_人类世界_在毛线球里打滚出不来.mp4,在毛线球里打滚出不来,人类世界,,,,,,,
0417_人类世界_在钢琴键上踩出一首歌.mp4,在钢琴键上踩出一首歌,人类世界,,,,,,,
0417_人类世界_站在花丛矮墙上第一次和你打招呼.mp4,站在花丛矮墙上第一次和你打招呼,人类世界,,,,,,,
